Query_ID	Target_ID	Optimal_offset	p-value	E-value	q-value	Overlap	Query_consensus	Target_consensus	Orientation
WDNMWNNWKNHW	M5934_1.02	0	3.24E-07	0.000237382	0.000234873	12	TGACAGCTGTCA	TGACAGCTGTCA	+
WDNMWNNWKNHW	M5935_1.02	0	8.22E-07	0.000602395	0.000298014	12	TGACAGCTGTCA	TGACAGCTGTCA	+
WDNMWNNWKNHW	M6344_1.02	0	4.78E-06	0.00350547	0.00115614	12	TGACAGCTGTCA	TGACAGCTGTCAA	+
WDNMWNNWKNHW	M5722_1.02	0	1.69E-05	0.0124223	0.00307275	12	TGACAGCTGTCA	TGACACCTGTCA	+
DCWDNNNNHWGH	M6402_1.02	-3	3.55E-05	0.0260254	0.0260254	9	ACATTTAAATGT	TGTAACTGT	+
NWNNWDNNNNHWNNWN	M5616_1.02	-2	6.95E-05	0.0509191	0.0505661	12	CTGCTGTATACAGCAG	GCTATAAATAGC	+
WDNHWNWNWNWDNHW	M4572_1.02	-1	7.42E-05	0.0544122	0.054238	14	ATGCATTGAATGCAT	TGCTGACTCAGCAAA	+
WNHHWBHNDVWDDNW	M0632_1.02	-2	8.85E-05	0.0648531	0.0424239	10	TGAATGATTCATTCA	AATGTATCAA	+
DNHDNHWDHWDNHDNH	M5735_1.02	-1	8.87E-05	0.0649975	0.0646111	13	TAATTCTGCAGAATTA	AAATTAGCATAAT	+
DCWDNHWGH	M6436_1.02	1	9.14E-05	0.0669964	0.053234	9	ACAGTCTGT	TACAGACTGTTCT	+
WNNHWBHNDVWDNNW	M0632_1.02	-2	9.23E-05	0.0676231	0.0676231	10	TGACAGTTACTGTCA	AATGTATCAA	+
WNHHWSHNDSWDDNW	M0632_1.02	-2	9.54E-05	0.0699034	0.0453299	10	TGAATGATTCATTCA	AATGTATCAA	+
WNHHWBHNDVWDDNW	M0630_1.02	-2	0.000115754	0.0848479	0.0424239	10	TGAATGATTCATTCA	AATGTATCAA	+
WNHHWSHNDSWDDNW	M0630_1.02	-2	0.00012374	0.0907014	0.0453299	10	TGAATGATTCATTCA	AATGTATCAA	+
DNWDNHDNNHDNHWNH	M6417_1.02	-4	0.000131876	0.0966652	0.05749	12	TCATGATGCATCATGA	ATATATTCATGAG	+
DCWDNHWGH	M1841_1.02	2	0.00014525	0.106468	0.053234	9	ACAGTCTGT	GAACATTCTGTTCTT	+
WDNMWNNWKNHW	M6343_1.02	1	0.000154622	0.113338	0.022428	12	TGACAGCTGTCA	CATAAAACTGTCA	+
DNWDNHDNNHDNHWNH	M6426_1.02	-1	0.000156934	0.115033	0.05749	10	TCATGATGCATCATGA	CATAAATAAT	+
WNHNDSHNDSHNDNW	M0630_1.02	-2	0.000172649	0.126551	0.0845497	10	TGTATGATTCATACA	AATGTATCAA	+
WNDMWNDNHNWKHNW	M4463_1.02	0	0.000197382	0.144681	0.142818	15	TGTCAGTTACTGACA	AATGTGGAAATGAGTCAG	+
NHTGCADN	M6423_1.02	1	0.000200928	0.14728	0.110483	8	TTTGCAAA	ATTTGCATA	+
DVWGNCWBH	M1841_1.02	2	0.000208673	0.152957	0.152957	9	ACTGTCAGT	GAACATTCTGTTCTT	+
DDCWNWNWGHH	M6331_1.02	0	0.000213897	0.156787	0.156787	9	TGCAGTCTGCA	TGCTGACGG	+
NWVWKNMWBWN	M5825_1.02	2	0.00021794	0.15975	0.13183	11	CACTGGCAGTG	AACACTACCATTGTT	+
DNWDNHDNNHDNHWNH	M4665_1.02	-1	0.000225944	0.165617	0.165541	15	TCTGAATGCATTCAGA	CAGATAAGAATCTGT	+
WNHNDSHNDSHNDNW	M0632_1.02	-2	0.000230695	0.169099	0.0845497	10	TGTATGATTCATACA	AATGTATCAA	+
WNNHWBHNDVWDNNW	M0630_1.02	-2	0.000239462	0.175525	0.0877627	10	TGACAGTTACTGTCA	AATGTATCAA	+
HWNHNDNHDNHNDNWD	M0630_1.02	1	0.000240317	0.176152	0.102349	9	CTGTATCATGATACAG	AATGTATCAA	+
DVWNDNHNDNHNWBH	M0630_1.02	-2	0.000246112	0.1804	0.0799575	10	TCATTCATTGAATGA	AATGTATCAA	+
WNNNWBHWDVWNNNW	M0630_1.02	-2	0.000246547	0.180719	0.116484	10	TGAATGATTCATTCA	AATGTATCAA	+
DNHDNNWNNWNNHDNH	M6331_1.02	-6	0.000261334	0.191558	0.191558	9	TCATTCTGCAGAATGA	TGCTGACGG	+
NWDNNWBNVWNNHWN	M5740_1.02	-1	0.000268441	0.196767	0.196138	14	CATACAGTCTGTATG	ATGAATAATTAATG	+
WNNHWNHWDNWDNNW	M0632_1.02	-2	0.000268763	0.197003	0.123365	10	TGAATGATTCATTCA	AATGTATCAA	+
NWVWKNMWBWN	M6224_1.02	2	0.000271089	0.198708	0.19743	11	CACTGGCAGTG	GCCACAGGAAGTAACAC	+
NWDNVWDNHWBNHWN	M5740_1.02	-1	0.000277731	0.203577	0.203483	14	CTTACAGTCTGTAAG	ATGAATAATTAATG	+
HWNHNDNHDNHNDNWD	M0632_1.02	1	0.00027926	0.204698	0.102349	9	CTGTATCATGATACAG	AATGTATCAA	+
NMWGNCWKN	M1841_1.02	2	0.000294541	0.215898	0.169233	9	ACTGTCAGT	GAACATTCTGTTCTT	+
DNWNNNWDHWNNNWNH	M5934_1.02	-2	0.000307609	0.225477	0.18404	12	TCTGAATGCATTCAGA	TGACAGCTGTCA	+
WNNNWBHWDVWNNNW	M0632_1.02	-2	0.000317828	0.232968	0.116484	10	TGAATGATTCATTCA	AATGTATCAA	+
DVWNDNHNDNHNWBH	M6413_1.02	-1	0.000321707	0.235811	0.0799575	14	TCATTCATTGAATGA	CCATCAATCAATTTA	+
DVWNDNHNDNHNWBH	M1583_1.02	-3	0.000328299	0.240643	0.0799575	8	TCATTCATTGAATGA	TTCATTGA	+
WNNHWNHWDNWDNNW	M0630_1.02	-2	0.000336758	0.246843	0.123365	10	TGAATGATTCATTCA	AATGTATCAA	+
NWVWKNMWBWN	M0442_1.02	-2	0.000359701	0.263661	0.13183	9	CACTGGCAGTG	AATGCAGTG	+
HWKHHHDDDMWD	M1034_1.02	-2	0.000363578	0.266503	0.235981	7	CTGTAATTACAG	GCAATTA	+
HDNHWDNHDNHWDNHD	M5302_1.02	-1	0.000364891	0.267465	0.112814	14	ATGATGCATGCATCAT	TGATGACGTCATCA	+
NWNNWDNNNNHWNNWN	M6342_1.02	-2	0.000425811	0.31212	0.154978	12	CTGCTGTATACAGCAG	GCTAAAAATAGC	+
NMWGNCWKN	M6436_1.02	1	0.000461755	0.338466	0.169233	9	ACTGTCAGT	TACAGACTGTTCT	+
HDNHWDNHDNHWDNHD	M0630_1.02	-6	0.000463844	0.339998	0.112814	10	ATGATGCATGCATCAT	AATGTATCAA	+
HDNHWDNHDNHWDNHD	M0632_1.02	-6	0.000463844	0.339998	0.112814	10	ATGATGCATGCATCAT	AATGTATCAA	+
NHTGCADN	M6425_1.02	0	0.00051264	0.375765	0.110483	8	TTTGCAAA	TTTGCATTACAATG	+
NWNNHWKNMWDNNWN	M5291_1.02	-1	0.000529035	0.387783	0.385095	13	ATTACTGTCAGTAAT	TTAATTTAATTAA	+
DNHNDSHNDSHNDNH	M0630_1.02	-2	0.000552852	0.40524	0.185705	10	TCATTCATTGAATGA	AATGTATCAA	+
NWNHHDNHDNHDDNWN	M0630_1.02	1	0.000554291	0.406296	0.230916	9	ATGATTCATGAATCAT	AATGTATCAA	+
DNWNNNWDHWNNNWNH	M5935_1.02	-2	0.000560865	0.411114	0.18404	12	TCTGAATGCATTCAGA	TGACAGCTGTCA	+
DCWDDNNHHWGH	M1583_1.02	-4	0.000564054	0.413451	0.382861	8	TCAGTTAACTGA	TTCATTGA	+
WNWGCWNW	M5636_1.02	1	0.00057371	0.42053	0.205503	8	ACTGCAGT	AACAGCTGTT	+
NWNNNWKNMWNNNWN	M6223_1.02	-2	0.000573894	0.420664	0.420664	13	CTGACTTGAAGTCAG	GACAGGAAGTAAC	+
NWNNWDNHDNHWNNWN	M0632_1.02	-6	0.000581987	0.426596	0.268317	10	CTGCTGCATGCAGCAG	AATGTATCAA	+
DNHNDSHNDSHNDNH	M6413_1.02	-1	0.00058449	0.428431	0.185705	14	TCATTCATTGAATGA	CCATCAATCAATTTA	+
NWBHNDNNNHNDVWN	M0999_1.02	-4	0.000606054	0.444238	0.407174	9	CTGAATTTAATTCAG	ATTAATTAC	+
NWNHHDNHDNHDDNWN	M0632_1.02	1	0.000630058	0.461833	0.230916	9	ATGATTCATGAATCAT	AATGTATCAA	+
NWVWKNMWBWN	M6224_1.02	2	0.000632259	0.463446	0.154482	11	CACTGGCAGTG	GCCACAGGAAGTAACAC	+
DNHWNHDNNHDNWDNH	M0630_1.02	-1	0.000633802	0.464577	0.267853	10	TGTAGTTGCAACTACA	AATGTATCAA	+
HWNHHDNHDNHDDNWD	M0632_1.02	1	0.0006517	0.477696	0.21428	9	ATGTATGTACATACAT	AATGTATCAA	+
HDNWNNNNNNNNWNHD	M1163_1.02	-5	0.000658704	0.48283	0.268978	9	ATCTAATATATTAGAT	ATTAATTAC	+
NWDNNWBNVWNNHWN	M5743_1.02	-1	0.000662921	0.485921	0.242183	14	CATACAGTCTGTATG	ATGCATAATTAATGAG	+
NWNNHDNHDNHDNNWN	M0632_1.02	1	0.000685357	0.502367	0.283196	9	CTGTAACATGTTACAG	AATGTATCAA	+
WVWKNMWBW	M6223_1.02	1	0.000699948	0.513062	0.513062	9	ACTGGCAGT	GACAGGAAGTAAC	+
HDNHWDNHDNHWDNHD	M6298_1.02	-5	0.000713531	0.523018	0.130157	11	ATGATGCATGCATCAT	GCATTAATCAA	+
NWDNVWDNHWBNHWN	M5743_1.02	-1	0.000719561	0.527438	0.263598	14	CTTACAGTCTGTAAG	ATGCATAATTAATGAG	+
DNHWNHDNNHDNWDNH	M0632_1.02	-1	0.000730839	0.535705	0.267853	10	TGTAGTTGCAACTACA	AATGTATCAA	+
NWNNWDNHDNHWNNWN	M0630_1.02	-6	0.000732107	0.536634	0.268317	10	CTGCTGCATGCAGCAG	AATGTATCAA	+
HWNHHDNHDNHDDNWD	M0630_1.02	1	0.000735479	0.539106	0.21428	9	ATGTATGTACATACAT	AATGTATCAA	+
DNWDDNWNWNHHWNH	M6262_1.02	-3	0.000739524	0.542071	0.460655	11	TCATTCAGTGAATGA	TGCAGTGATTT	+
DNWNNNWDHWNNNWNH	M6343_1.02	-1	0.00075706	0.554925	0.18404	13	TCTGAATGCATTCAGA	CATAAAACTGTCA	+
WNHHWBHNDVWDDNW	M0629_1.02	-2	0.000759469	0.556691	0.185564	11	TGAATGATTCATTCA	AATGTATCAAT	+
DNHNDSHNDSHNDNH	M1583_1.02	-3	0.000761443	0.558137	0.185705	8	TCATTCATTGAATGA	TTCATTGA	+
HDNWNNNNNNNNWNHD	M0999_1.02	-5	0.000766788	0.562056	0.268978	9	ATCTAATATATTAGAT	ATTAATTAC	+
NWNNWDNNNNHWNNWN	M1884_1.02	-1	0.000769728	0.564211	0.186767	15	CTGCTGTATACAGCAG	AGCTAAAAATAGCAT	+
NWNNHDNHDNHDNNWN	M0630_1.02	1	0.000772705	0.566393	0.283196	9	CTGTAACATGTTACAG	AATGTATCAA	+
DVWNDNHNDNHNWBH	M0629_1.02	-2	0.000772971	0.566588	0.141193	11	TCATTCATTGAATGA	AATGTATCAAT	+
NHTGCADN	M5729_1.02	1	0.000790836	0.579683	0.110483	8	TTTGCAAA	ATTTGCATA	+
HNHWGNCWDND	M1841_1.02	1	0.000797687	0.584705	0.582553	11	TACTGTCAGTA	GAACATTCTGTTCTT	+
NWDNMWBNVWKNHWN	M5740_1.02	-1	0.000802101	0.58794	0.57917	14	CTTACAGTCTGTAAG	ATGAATAATTAATG	+
NDVWKNMWBHN	M0442_1.02	-2	0.000814919	0.597335	0.303594	9	TACTGGCAGTA	AATGCAGTG	+
NDVWKNMWBHN	M6224_1.02	2	0.00082874	0.607466	0.303594	11	TACTGGCAGTA	GCCACAGGAAGTAACAC	+
WNHHWSHNDSWDDNW	M0629_1.02	-2	0.000831865	0.609757	0.203159	11	TGAATGATTCATTCA	AATGTATCAAT	+
NWDNHWBWVWDNHWN	M5291_1.02	-1	0.000834998	0.612054	0.610933	13	ATTAATGTCATTAAT	TTAATTTAATTAA	+
NHTGCADN	M5744_1.02	1	0.000874327	0.640882	0.110483	8	TTTGCAAA	ATTTGCATA	+
HWNHHDNHDNHDDNWD	M5445_1.02	-1	0.000878605	0.644018	0.21428	14	ATGTATGTACATACAT	AGTAAATATTTTTT	+
WDCWNWGHW	M6262_1.02	0	0.000880875	0.645681	0.520452	9	TTCAGTGAA	TGCAGTGATTT	+
MWGNNHDNNCWK	M5945_1.02	-2	0.000881563	0.646186	0.180281	8	CTGTAATTACAG	CTAATTAC	+
NWBHHWNNNWDDVWN	M0999_1.02	-4	0.000890559	0.65278	0.531977	9	ATGAATTTAATTCAT	ATTAATTAC	+
NWNNNDNHDNHNNNWN	M6375_1.02	-3	0.000902442	0.66149	0.661186	12	ATTTATGTACATAAAT	AAACCACTTAAA	+
DVWGNCWBH	M6436_1.02	1	0.000905113	0.663448	0.331724	9	ACTGTCAGT	TACAGACTGTTCT	+
NWBHHDNNNHDDVWN	M0999_1.02	-4	0.000932996	0.683886	0.683886	9	ATGAAATTATTTCAT	ATTAATTAC	+
NWNNHDNHDNHDNNWN	M0632_1.02	1	0.000954853	0.699907	0.448236	9	ATGTATCATGATACAT	AATGTATCAA	+
WNWGCWNW	M6344_1.02	2	0.000965745	0.707891	0.205503	8	ACTGCAGT	TGACAGCTGTCAA	+
NHTGCADN	M2306_1.02	4	0.000972206	0.712627	0.110483	8	TTTGCAAA	TTCATTTGCATAT	+
MWGNNHDNNCWK	M5342_1.02	-2	0.000973339	0.713458	0.180281	8	CTGTAATTACAG	GTAATTGG	+
MWGNNHDNNCWK	M1034_1.02	-2	0.00098284	0.720422	0.180281	7	CTGTAATTACAG	GCAATTA	+
NWVHDNNWNNHDBWN	M0632_1.02	-5	0.000991289	0.726615	0.306321	10	TTCATACTGTATGAA	AATGTATCAA	+
NWVHDNNWNNHDBWN	M6426_1.02	-2	0.000991289	0.726615	0.306321	10	TTCATACTGTATGAA	CATAAATAAT	+
WNWGCWNW	M5934_1.02	2	0.00101339	0.742816	0.205503	8	ACTGCAGT	TGACAGCTGTCA	+
NHTGCADN	M4708_1.02	0	0.00104428	0.765454	0.110483	8	TTTGCAAA	TATGCAAATA	+
NHTGCADN	M5738_1.02	1	0.00106433	0.780156	0.110483	8	TTTGCAAA	ATTTGCATA	+
WNNHWBHNDVWDNNW	M0629_1.02	-2	0.00109427	0.802098	0.267366	11	TGACAGTTACTGTCA	AATGTATCAAT	+
HWKHHHDDDMWD	M5945_1.02	-2	0.00112326	0.823347	0.235981	8	CTGTAATTACAG	CTAATTAC	+
DVWNDNHNDNHNWBH	M0632_1.02	-2	0.00112343	0.823478	0.164168	10	TCATTCATTGAATGA	AATGTATCAA	+
WNWGCWNW	M5935_1.02	2	0.00112814	0.826926	0.205503	8	ACTGCAGT	TGACAGCTGTCA	+
NWBHNDNNNHNDVWN	M1163_1.02	-4	0.00113533	0.832198	0.407174	9	CTGAATTTAATTCAG	ATTAATTAC	+
NWNHWDNHDNHWDNWN	M0632_1.02	1	0.00117743	0.863059	0.53468	9	ATGCTTCTAGAAGCAT	AATGTATCAA	+
DVWNNNWNNWNNNWBH	M5740_1.02	-1	0.00118832	0.871039	0.591208	14	TCTGTATTAATACAGA	ATGAATAATTAATG	+
NWNNHDNHDNHDNNWN	M0630_1.02	1	0.00122695	0.899352	0.448236	9	ATGTATCATGATACAT	AATGTATCAA	+
DNWDNHDNNHDNHWNH	M4665_1.02	-1	0.0012319	0.902986	0.483786	15	ACTGAATGCATTCAGT	CAGATAAGAATCTGT	+
NWVHDNNWNNHDBWN	M0630_1.02	-5	0.0012537	0.918964	0.306321	10	TTCATACTGTATGAA	AATGTATCAA	+
WNNWDNWNNWNHWNNW	M6508_1.02	-4	0.0012582	0.922259	0.922259	12	TGCAGCTATAGCTGCA	GATATTTCTGCTCTA	+
DNWDDNWNWNHHWNH	M4463_1.02	2	0.00125921	0.923	0.460655	15	TCATTCAGTGAATGA	AATGTGGAAATGAGTCAG	+
NHDDVWDNHWBHHDN	M6331_1.02	-2	0.00127327	0.933305	0.910405	9	CATACAGTCTGTATG	TGCTGACGG	+
DNWKNMWNH	M6223_1.02	1	0.001285	0.941903	0.941903	9	ACTGGCAGT	GACAGGAAGTAAC	+
NWNNNWDNHWNNNWN	M6223_1.02	-2	0.00132056	0.967967	0.912158	13	CTGACATGATGTCAG	GACAGGAAGTAAC	+
DNWDNHDNNHDNHWNH	M5740_1.02	-1	0.00132244	0.969347	0.483786	14	ACTGAATGCATTCAGT	ATGAATAATTAATG	+
MWGNNHDNNCWK	M5635_1.02	-1	0.00132493	0.971172	0.180281	10	CTGTAATTACAG	TTTAATTACT	+
DNHNDSHNDSHNDNH	M0632_1.02	-2	0.00133889	0.981407	0.244903	10	TCATTCATTGAATGA	AATGTATCAA	+
HWKHHHDDDMWD	M5635_1.02	-1	0.00137273	1.00621	0.235981	10	CTGTAATTACAG	TTTAATTACT	+
WDCWNWGHW	M1583_1.02	0	0.00142071	1.04138	0.520452	8	TTCAGTGAA	TTCATTGA	+
WDNMWNNWKNHW	M5636_1.02	-1	0.00142604	1.04529	0.147749	10	TGACAGCTGTCA	AACAGCTGTT	+
WDNMWNNWKNHW	M4971_1.02	1	0.00142604	1.04529	0.147749	9	TGACAGCTGTCA	GTAACAGCTG	+
NWNHWDNHDNHWDNWN	M0630_1.02	1	0.00145888	1.06936	0.53468	9	ATGCTTCTAGAAGCAT	AATGTATCAA	+
NWBHHWNNNWDDVWN	M1163_1.02	-4	0.00145901	1.06945	0.531977	9	ATGAATTTAATTCAT	ATTAATTAC	+
DCWDDNNHHWGH	M6303_1.02	-4	0.00147559	1.08161	0.382861	8	TCAGTTAACTGA	TTAATTGA	+
DNHWNHNNNNDNWDNH	M6378_1.02	1	0.00149864	1.0985	1	12	TGCAGTATATACTGCA	AATAAGTATATAA	+
DNNWNHWDHWDNWNNH	M2296_1.02	-2	0.00153385	1.12431	0.588825	14	ATCTGCTGCAGCAGAT	CTGAGTCAGCAATTT	+
WNDMWNDNHNWKHNW	M6510_1.02	2	0.00153626	1.12608	0.55579	12	TGTCAGTTACTGACA	TGTTTATGTAAATG	+
HDNWNNNNNNNNWNHD	M5635_1.02	-5	0.00153774	1.12717	0.278795	10	ATCTAATATATTAGAT	TTTAATTACT	+
NWDNVWDNHWBNHWN	M6426_1.02	0	0.00153852	1.12773	0.375738	10	CTTACAGTCTGTAAG	CATAAATAAT	+
NWVWKNMWBWN	M0442_1.02	-2	0.00154085	1.12944	0.490686	9	CACTGGCAGTG	AATGCAGTG	+
NHTGCADN	M6475_1.02	1	0.0015417	1.13007	0.140031	8	TTTGCAAA	ATTTGCATAACAATGG	+
DCWDDNNHHWGH	M6399_1.02	1	0.00156984	1.15069	0.382861	12	TCAGTTAACTGA	GTCTTGTTATTGATTTTTTTT	+
DNHNNNWDHWNNNDNH	M6508_1.02	2	0.00157094	1.1515	0.632799	13	TATTTCTGCAGAAATA	GATATTTCTGCTCTA	+
NWDNMWBNVWKNHWN	M5743_1.02	-1	0.001581	1.15887	0.57917	14	CTTACAGTCTGTAAG	ATGCATAATTAATGAG	+
MWGNNHDNNCWK	M5944_1.02	-2	0.0015845	1.16144	0.180281	8	CTGTAATTACAG	CTAATTAC	+
WDNHWNWNWNWDNHW	M2296_1.02	-3	0.00159927	1.17227	0.500746	12	ATGCATTGAATGCAT	CTGAGTCAGCAATTT	+
DNNWNHWDHWDNWNNH	M6355_1.02	1	0.00160736	1.17819	0.588825	12	ATCTGCTGCAGCAGAT	TGACAGCTGCTGC	+
HWKHHHDDDMWD	M5342_1.02	-2	0.00162314	1.18976	0.235981	8	CTGTAATTACAG	GTAATTGG	+
MWGNNHDNNCWK	M0999_1.02	-1	0.00162432	1.19062	0.180281	9	CTGTAATTACAG	ATTAATTAC	+
WNNWNWDNNHWNWNNW	M6417_1.02	-1	0.00163042	1.1951	1	13	TACTCATATATGAGTA	ATATATTCATGAG	+
NWNNNWKNMWNNNWN	M5291_1.02	-1	0.00163836	1.20091	0.910098	13	CTTACAGTCTGTAAG	TTAATTTAATTAA	+
NWNDVWDNHWBHNWN	M6331_1.02	-2	0.00166574	1.22099	1	9	CATTCTGTCAGAATG	TGCTGACGG	+
NWNNMWKNMWKNNWN	M5740_1.02	-1	0.00166963	1.22384	1	14	ATTACTGTCAGTAAT	ATGAATAATTAATG	+
NWNNHWKNMWDNNWN	M5740_1.02	-1	0.00174146	1.27649	0.574508	14	CTTACAGTCTGTAAG	ATGAATAATTAATG	+
MWKKNMMWK	M6402_1.02	-1	0.00174308	1.27768	1	8	CTGTTACAG	TGTAACTGT	+
DNHDNNWNNWNNHDNH	M6426_1.02	-1	0.00176229	1.29176	0.645879	10	TCATTCTGCAGAATGA	CATAAATAAT	+
DCWDNNNNHWGH	M2385_1.02	-1	0.001777	1.30254	0.534099	11	TCTGTATACAGA	AAGTAAACAAA	+
NHDDVWDNHWBHHDN	M6331_1.02	-2	0.00183351	1.34396	0.64422	9	CTTACTGTCAGTAAG	TGCTGACGG	+
NDBHNDBWVHNDVHN	M4665_1.02	5	0.00183598	1.34577	0.744095	10	ATGAATCTGATTCAT	CAGATAAGAATCTGT	+
NWNNHWKNMWDNNWN	M5291_1.02	-1	0.0018407	1.34923	0.978751	13	ATTACAGTCTGTAAT	TTAATTTAATTAA	+
HWKHHHDDDMWD	M1163_1.02	-1	0.00184399	1.35165	0.235981	9	CTGTAATTACAG	ATTAATTAC	+
DNHNNNWDHWNNNDNH	M5740_1.02	-5	0.0018525	1.35789	0.632799	11	TATTTCTGCAGAAATA	ATGAATAATTAATG	+
WNNHWNHWDNWDNNW	M0629_1.02	-2	0.00185825	1.3621	0.453824	11	TGAATGATTCATTCA	AATGTATCAAT	+
DNHDNNWDHWNNHDNH	M6331_1.02	-6	0.0018702	1.37086	1	9	TCAATCAGCTGATTGA	TGCTGACGG	+
NWDNNWBNVWNNHWN	M6331_1.02	-2	0.00188934	1.38489	0.46015	9	CATACAGTCTGTATG	TGCTGACGG	+
NWNNWDNHDNHWNNWN	M6296_1.02	-1	0.00189477	1.38887	0.462956	13	CTGCTGCATGCAGCAG	TTCATCAATCATT	+
DVWNNNWNNWNNNWBH	M5743_1.02	-1	0.00192167	1.40858	0.591208	15	TCTGTATTAATACAGA	ATGCATAATTAATGAG	+
WVWKNMWBW	M6268_1.02	0	0.00192611	1.41184	0.573747	9	ACTGGCAGT	AATGCCAGACCC	+
MWGNNHDNNCWK	M1163_1.02	-1	0.00193282	1.41676	0.183876	9	CTGTAATTACAG	ATTAATTAC	+
NHDNVWDNHWBNHDN	M1581_1.02	0	0.00195849	1.43558	0.850781	10	ATTACTGTCAGTAAT	TTTGCTGACT	+
HWKHHHDDDMWD	M0999_1.02	-1	0.00204874	1.50173	0.235981	9	CTGTAATTACAG	ATTAATTAC	+
DNWKNMWNH	M6268_1.02	0	0.00206048	1.51033	0.8953	9	TCTGGCAGA	AATGCCAGACCC	+
NWNNHDNHDNHDNNWN	M0635_1.02	-4	0.00206881	1.51643	0.741594	12	ATTCTTCATGAAGAAT	AACATGTATAAAA	+
DCWDNNNNHWGH	M5616_1.02	0	0.00209233	1.53368	0.536501	12	TCAGTATACTGA	GCTATAAATAGC	+
DNWDNHDNNHDNHWNH	M5740_1.02	-1	0.00211383	1.54944	0.774364	14	TCTGAATGCATTCAGA	ATGAATAATTAATG	+
NWBHHDNNNHDDVWN	M1163_1.02	-4	0.00212043	1.55428	0.777138	9	ATGAAATTATTTCAT	ATTAATTAC	+
NWDDVWNNNWBHHWN	M6331_1.02	-2	0.00212279	1.55601	0.84671	9	CATACAGTCTGTATG	TGCTGACGG	+
DCWDNHWGH	M4428_1.02	3	0.00213985	1.56851	0.522837	9	ACAGTCTGT	AGAACATTCTGTTC	+
WNWGCWNW	M6159_1.02	7	0.002141	1.56935	0.849636	8	AATGCATT	TTCCTAGAAAGCTTTT	+
DDCWNWNWGHH	M6348_1.02	2	0.0021436	1.57126	0.785629	11	TGCAGTCTGCA	AGTGCCGTGTGCAAAAC	+
HWNHHDNHDNHDDNWD	M6417_1.02	-6	0.00217125	1.59152	0.397153	10	ATGTATGTACATACAT	ATATATTCATGAG	+
BWNWNNHWDNNWNWV	M4467_1.02	-2	0.00218306	1.60018	0.924241	13	CAGTTTCTGAAACTG	ATGCCAAAAATAGCA	+
DNHNDSHNDSHNDNH	M0629_1.02	-2	0.00222231	1.62895	0.325194	11	TCATTCATTGAATGA	AATGTATCAAT	+
DNNWNHWDHWDNWNNH	M6355_1.02	1	0.00224839	1.64807	0.855503	12	AGTTGCAGCTGCAACT	TGACAGCTGCTGC	+
NWNNWDNHDNHWNNWN	M6296_1.02	-1	0.00226692	1.66165	0.786821	13	CTGCTGCATGCAGCAG	TTCATCAATCATT	+
DCWDNNNNHWGH	M4567_1.02	2	0.00226703	1.66173	0.534099	12	TCTGTATACAGA	GCAAAGTAAACATAG	+
DCWDNNNNHWGH	M5973_1.02	6	0.00230682	1.6909	0.534099	12	TCTGTATACAGA	AGGTGTTCTGTTAACACT	+
MWGNNHDNNCWK	M5344_1.02	-2	0.00231328	1.69564	0.192562	8	CTGTAATTACAG	GTAATTGG	+
NHDNVWDNHWBNHDN	M6331_1.02	-2	0.00232137	1.70156	0.850781	9	ATTACTGTCAGTAAT	TGCTGACGG	+
NWNNHDNHDNHDNNWN	M2321_1.02	0	0.00232868	1.70692	0.567153	16	ATGTATCATGATACAT	AGACATGCCCAGACATGCCC	+
WVWKNMWBW	M6224_1.02	3	0.00234822	1.72124	0.573747	9	ACTGGCAGT	GCCACAGGAAGTAACAC	+
DCWDNNNNHWGH	M6303_1.02	-4	0.00236663	1.73474	0.867371	8	ACATTTAAATGT	TTAATTGA	+
NWDDVWNNNWBHHWN	M5740_1.02	-1	0.00240789	1.76498	0.84671	14	CATACAGTCTGTATG	ATGAATAATTAATG	+
HNNWNHWNNWDNWNND	M6353_1.02	-7	0.00243725	1.78651	1	7	TTCAGATGCATCTGAA	GCAGCTG	+
DNWKNMWNH	M6223_1.02	1	0.00244284	1.7906	0.8953	9	TCTGGCAGA	GACAGGAAGTAAC	+
NWNNHWKNMWDNNWN	M5291_1.02	-1	0.00244762	1.79411	0.574508	13	CTTACAGTCTGTAAG	TTAATTTAATTAA	+
DCWDNNNNHWGH	M6342_1.02	0	0.0024642	1.80626	0.536501	12	TCAGTATACTGA	GCTAAAAATAGC	+
NWNNNWKNMWNNNWN	M5740_1.02	-1	0.00248321	1.8202	0.910098	14	CTTACAGTCTGTAAG	ATGAATAATTAATG	+
NHDDVWDNHWBHHDN	M5740_1.02	-1	0.00248405	1.82081	0.910405	14	CATACAGTCTGTATG	ATGAATAATTAATG	+
NWNNNWDNHWNNNWN	M6331_1.02	-6	0.00248883	1.82432	0.912158	9	CTGACATGATGTCAG	TGCTGACGG	+
DNWDDNWNWNHHWNH	M1583_1.02	-3	0.00251468	1.84326	0.529313	8	TCATTCAGTGAATGA	TTCATTGA	+
NWNNNWKNMWNNNWN	M6455_1.02	0	0.00252803	1.85305	0.937358	13	CTGACAGTCTGTCAG	CTGACCTACTTTT	+
WDNMWNNWKNHW	M6519_1.02	4	0.0025281	1.8531	0.229189	12	TGACAGCTGTCA	CAGGTGACACCTGACA	+
NWDNNWBNVWNNHWN	M6429_1.02	0	0.00253556	1.85857	0.463154	13	CATACAGTCTGTATG	CATAATTTATGCA	+
NWNNHDNHDNHDNNWN	M6417_1.02	1	0.00253964	1.86156	0.741594	12	ATTCTTCATGAAGAAT	ATATATTCATGAG	+
NWDNVWDNHWBNHWN	M6429_1.02	-4	0.00253973	1.86162	0.465191	11	CTTACAGTCTGTAAG	CATAATTTATGCA	+
NWNNNWKNMWNNNWN	M5740_1.02	3	0.00255759	1.87472	0.937358	11	CTGACAGTCTGTCAG	ATGAATAATTAATG	+
DCWDNNNNHWGH	M1884_1.02	1	0.00258091	1.89181	0.536501	12	TCAGTATACTGA	AGCTAAAAATAGCAT	+
DNWDNHDNNHDNHWNH	M5743_1.02	-1	0.0025902	1.89861	0.518223	15	ACTGAATGCATTCAGT	ATGCATAATTAATGAG	+
NNTKMANN	M6423_1.02	1	0.0025973	1.90382	0.866061	8	ATTGCAAT	ATTTGCATA	+
WDCWNWGHW	M6496_1.02	1	0.0026019	1.90719	0.635439	9	TTCAGTGAA	TTTCCCAGAAAAG	+
HDNWNNNNNNNNWNHD	M6140_1.02	0	0.00260853	1.91205	0.278795	16	ATCTAATATATTAGAT	ATTGGTTTTATTGGTTAA	+
DNWNNNWDHWNNNWNH	M5689_1.02	-2	0.00260856	1.91207	0.46561	11	TCTGAATGCATTCAGA	AATTTGCTGAC	+
NWNNMWKNMWKNNWN	M1581_1.02	0	0.00262758	1.92602	1	10	ATTACTGTCAGTAAT	TTTGCTGACT	+
HDNWNNNNNNNNWNHD	M5557_1.02	-2	0.00265486	1.94602	0.278795	9	ATCTAATATATTAGAT	GTAATAAAA	+
WNWGCWNW	M6262_1.02	-2	0.00266433	1.95295	0.849636	6	AATGCATT	TGCAGTGATTT	+
WNWKNMWNW	M6223_1.02	1	0.00268463	1.96784	0.99999	9	TCTGGCAGA	GACAGGAAGTAAC	+
NYTGCARN	M6423_1.02	1	0.00272551	1.9978	0.935119	8	ATTGCAAT	ATTTGCATA	+
DNWKNMWNH	M6268_1.02	0	0.00274976	2.01557	0.999971	9	ACTGGCAGT	AATGCCAGACGC	+
VWDKSMHWB	M6413_1.02	4	0.00279781	2.0508	0.796512	9	CATTGAATG	CCATCAATCAATTTA	+
NWNNNWKNMWNNNWN	M5291_1.02	-1	0.00281325	2.06211	1	13	ATTACAGTCTGTAAT	TTAATTTAATTAA	+
NWVWKNMWBWN	M5422_1.02	-1	0.0028261	2.07153	0.490686	10	CACTGGCAGTG	ACCGGAAGTG	+
DNWDNHDNNHDNHWNH	M6417_1.02	-4	0.00286069	2.09689	1	12	ACTTCATGCATGAAGT	ATATATTCATGAG	+
HBWGCWVD	M6423_1.02	1	0.00286181	2.09771	0.900842	8	TTTGCAAA	ATTTGCATA	+
NWNNHWKNMWDNNWN	M6329_1.02	-2	0.00287153	2.10483	0.562797	13	ATTACTGTCAGTAAT	AAAATTAATTAAT	+
DNHDNNWNNWNNHDNH	M5689_1.02	-2	0.00288182	2.11238	0.704125	11	TCATTCTGCAGAATGA	AATTTGCTGAC	+
WNWKNMWNW	M6223_1.02	1	0.00288703	2.11619	0.999992	9	TCTGGCAGA	GACAGGAAGTAAC	+
DNWDDNWNWNHHWNH	M6263_1.02	-4	0.00289377	2.12113	0.529313	10	TCATTCAGTGAATGA	GCTGTGATTT	+
NWVWKNMWBWN	M2277_1.02	-1	0.00290325	2.12808	0.490686	10	CACTGGCAGTG	ACAGGAAGTGG	+
VWDKSMHWB	M5621_1.02	1	0.00291344	2.13555	0.796512	7	CATTGAATG	CCTGTCAA	+
NWNNWDNHDNHWNNWN	M0632_1.02	-6	0.00292023	2.14053	0.786821	10	CTGCTGCATGCAGCAG	AATGTATCAA	+
NWBHNDNNNHNDVWN	M6328_1.02	0	0.00292187	2.14173	0.481263	13	CTGAATTTAATTCAG	CACTTTTAATTAG	+
DNHNNNWDHWNNNDNH	M4629_1.02	2	0.00292428	2.1435	0.93555	15	TCATTCTGCAGAATGA	CATGACTCAGCAATTTT	+
WNWGCWNW	M0442_1.02	0	0.00293555	2.15176	0.427794	8	ACTGCAGT	AATGCAGTG	+
NMWGDNHCWKN	M6402_1.02	-2	0.00298655	2.18914	1	9	TCAGTTACTGA	TGTAACTGT	+
WDNHWNWNWNWDNHW	M5303_1.02	-1	0.00299012	2.19176	0.500746	14	ATGCATTGAATGCAT	TGCTTTCTAGGAATTCA	+
NWNNMWKNMWKNNWN	M5291_1.02	-1	0.00300208	2.20052	0.91399	13	ATTACTGTCAGTAAT	TTAATTTAATTAA	+
DNHDNHWDHWDNHDNH	M4708_1.02	-4	0.00305166	2.23686	0.409569	10	TAATTCTGCAGAATTA	TATGCAAATA	+
NWNNNDNHDNHNNNWN	M6378_1.02	-1	0.00305397	2.23856	0.823798	13	ATTTATGTACATAAAT	AATAAGTATATAA	+
WDNHWNWNWNWDNHW	M5981_1.02	1	0.0030803	2.25786	0.500746	14	ATGCATTGAATGCAT	TTTTCAGTGTGTGCA	+
WDNMWNNWKNHW	M0178_1.02	-1	0.00308973	2.26477	0.248982	10	TGACAGCTGTCA	AACAGCTGTT	+
HDNHWDNHDNHWDNHD	M0629_1.02	-6	0.00311981	2.28682	0.398407	10	ATGATGCATGCATCAT	AATGTATCAAT	+
NHDDVWDNHWBHHDN	M5740_1.02	-1	0.00312069	2.28746	0.64422	14	CTTACTGTCAGTAAG	ATGAATAATTAATG	+
DNHNNNWDHWNNNDNH	M5636_1.02	-3	0.00314714	2.30686	0.632799	10	TATTTCTGCAGAAATA	AACAGCTGTT	+
NWNNHDNHDNHDNNWN	M2296_1.02	0	0.00317359	2.32624	0.579698	15	ATGTATCATGATACAT	CTGAGTCAGCAATTT	+
NWDNNWBNVWNNHWN	M6426_1.02	0	0.003176	2.32801	0.464111	10	CATACAGTCTGTATG	CATAAATAAT	+
DNWDNHDNNHDNHWNH	M5743_1.02	-1	0.00318099	2.33167	0.776865	15	TCTGAATGCATTCAGA	ATGCATAATTAATGAG	+
DNHNNNWDHWNNNDNH	M5636_1.02	-3	0.00318147	2.33202	0.93555	10	TCATTCTGCAGAATGA	AACAGCTGTT	+
DNHWNHDNNHDNWDNH	M6417_1.02	-4	0.00319133	2.33924	0.779748	12	TGTAGTTGCAACTACA	ATATATTCATGAG	+
DNWNNNWDHWNNNWNH	M6344_1.02	-2	0.0031922	2.33989	0.46561	13	TCTGAATGCATTCAGA	TGACAGCTGTCAA	+
NWNNWDNHDNHWNNWN	M0630_1.02	-6	0.00322028	2.36046	0.786821	10	CTGCTGCATGCAGCAG	AATGTATCAA	+
HWKHHHDDDMWD	M6115_1.02	1	0.00322635	2.36492	0.24204	12	CTGTAATTACAG	CATGTCTGGGCATGT	+
NWNNHDNHDNHDNNWN	M0632_1.02	1	0.00323501	2.37126	0.741594	9	ATTCTTCATGAAGAAT	AATGTATCAA	+
WNHNDSHNDSHNDNW	M0629_1.02	-2	0.00325352	2.38483	0.794944	11	TGTATGATTCATACA	AATGTATCAAT	+
DNWDNHDNNHDNHWNH	M6296_1.02	1	0.0032616	2.39076	0.518223	12	ACTGAATGCATTCAGT	TTCATCAATCATT	+
HDNWNNNNNNNNWNHD	M6147_1.02	-5	0.00326407	2.39256	0.278795	11	ATCTAATATATTAGAT	TTTAATTTGATTTCGATTAATT	+
NDVWKNMWBHN	M2277_1.02	-1	0.00326504	2.39327	0.714022	10	TACTGGCAGTA	ACAGGAAGTGG	+
NWNNHWKNMWDNNWN	M5740_1.02	3	0.00327396	2.39981	0.562797	11	ATTACTGTCAGTAAT	ATGAATAATTAATG	+
HDNHWDNHDNHWDNHD	M5740_1.02	0	0.00327616	2.40142	0.398407	14	ATGATGCATGCATCAT	ATGAATAATTAATG	+
DVWNNNWNNWNNNWBH	M6426_1.02	-1	0.00329238	2.41332	0.591208	10	TCTGTATTAATACAGA	CATAAATAAT	+
DNNWNHWDHWDNWNNH	M0216_1.02	-3	0.00329797	2.41741	0.855503	10	AGTTGCAGCTGCAACT	CGCAGCTGTG	+
HDVWKNMWBHD	M6224_1.02	2	0.0033271	2.43876	0.893298	11	TACTGGCAGTA	GCCACAGGAAGTAACAC	+
NWNNHWKNMWDNNWN	M6455_1.02	0	0.00333105	2.44166	0.574508	13	CTTACAGTCTGTAAG	CTGACCTACTTTT	+
NWNNHWKNMWDNNWN	M6378_1.02	-1	0.00333487	2.44446	0.562797	13	ATTACTGTCAGTAAT	AATAAGTATATAA	+
NWVWKNMWBWN	M5420_1.02	-1	0.00336879	2.46932	0.490686	10	CACTGGCAGTG	ACCGGAAGTA	+
NHWGWCWDN	M2289_1.02	5	0.00337272	2.4722	1	8	AATGTCATT	AAGATGATGTCAT	+
DCWDNNNNHWGH	M6289_1.02	0	0.00339989	2.49212	0.536501	12	TCAGTATACTGA	TCATAAATTATC	+
HWKHHHDDDMWD	M0931_1.02	-3	0.00340897	2.49878	0.24204	9	CTGTAATTACAG	TAATTAATT	+
NWNNHDNHDNHDNNWN	M6115_1.02	1	0.00341226	2.50118	1	14	CTGCATGTACATGCAG	CATGTCTGGGCATGT	+
NWNNNDNHDNHNNNWN	M2296_1.02	0	0.00342146	2.50793	0.823798	15	ATTTATGTACATAAAT	CTGAGTCAGCAATTT	+
DCWDNNNNHWGH	M6239_1.02	1	0.00343813	2.52015	0.534099	10	TCTGTATACAGA	AAAAGTAAACA	+
NWDDVWNNNWBHHWN	M6429_1.02	-4	0.00346698	2.5413	0.84671	11	CATACAGTCTGTATG	CATAATTTATGCA	+
NWNNMWKNMWKNNWN	M5743_1.02	-1	0.00352425	2.58327	1	14	ATTACTGTCAGTAAT	ATGCATAATTAATGAG	+
MWGNNHDNNCWK	M1018_1.02	-3	0.00353006	2.58753	0.211343	7	CTGTAATTACAG	TAATTAA	+
DNWDNHDNNHDNHWNH	M6429_1.02	-1	0.00354142	2.59586	0.518223	13	ACTGAATGCATTCAGT	CATAATTTATGCA	+
DNHWNHWNNWDNWDNH	M0632_1.02	-1	0.0035446	2.59819	1	10	TGATGTAGCTACATCA	AATGTATCAA	+
WDNHWNWNWNWDNHW	M6413_1.02	1	0.00354834	2.60093	0.500746	14	ATGCATTGAATGCAT	CCATCAATCAATTTA	+
DNHNNNWDHWNNNDNH	M2296_1.02	1	0.00355881	2.60861	0.632799	14	TATTTCTGCAGAAATA	CTGAGTCAGCAATTT	+
VWDKSMHWB	M0424_1.02	-1	0.00356742	2.61492	0.796512	8	CATTGAATG	TTTGACAGCT	+
NNTKMANN	M6173_1.02	3	0.00359204	2.63296	0.866061	8	ATTGCAAT	CAGATTGCAAAAT	+
DNHDNNWDHWNNHDNH	M4629_1.02	2	0.0035955	2.6355	1	15	TCAATCAGCTGATTGA	CATGACTCAGCAATTTT	+
NWDNHWBWVWDNHWN	M1605_1.02	-5	0.00360546	2.64281	0.689955	10	ATTAATGTCATTAAT	ATTCATCTTT	+
DCWDDNNHHWGH	M5335_1.02	5	0.00362397	2.65637	0.629292	12	TCAGTTAACTGA	ATCGATAATTTTATCGAT	+
HDVWKNMWBHD	M6206_1.02	0	0.00363044	2.66111	0.893298	11	TACTGGCAGTA	ATAAGGAAGTA	+
WNWGCWNW	M6441_1.02	2	0.00366467	2.6862	0.445039	8	ACTGCAGT	GGACAGCTGTTCAGTTTCCTG	+
DCWDNNNNHWGH	M6399_1.02	1	0.00366634	2.68742	0.536501	12	TCAGTATACTGA	GTCTTGTTATTGATTTTTTTT	+
NWBHNDNNNHNDVWN	M5635_1.02	-4	0.00367616	2.69463	0.481263	10	CTGAATTTAATTCAG	TTTAATTACT	+
NDBHNDBWVHNDVHN	M0630_1.02	1	0.00369856	2.71104	0.744095	9	ATGAATCTGATTCAT	AATGTATCAA	+
MWKNNMWK	M6338_1.02	9	0.00370448	2.71538	1	8	CTGGCCAG	TACAACAACCTGTTCTT	+
DNNWNHWDHWDNWNNH	M0216_1.02	-3	0.00374252	2.74327	0.732411	10	ATCTGCTGCAGCAGAT	CGCAGCTGTG	+
NWDNHWKNMWDNHWN	M6455_1.02	0	0.00374368	2.74412	1	13	CTGACAGTCTGTCAG	CTGACCTACTTTT	+
NWDNMWBNVWKNHWN	M6429_1.02	-4	0.00375906	2.75539	0.774665	11	CTTACAGTCTGTAAG	CATAATTTATGCA	+
WNDMWNDNHNWKHNW	M6402_1.02	-4	0.00377406	2.76639	0.744619	9	TGTCAGTTACTGACA	TGTAACTGT	+
NHWGWCWDN	M6359_1.02	0	0.00377539	2.76736	1	7	AATGTCATT	AATGACT	+
MWGNNHDNNCWK	M5557_1.02	-2	0.00377922	2.77017	0.211343	9	CTGTAATTACAG	GTAATAAAA	+
DNNWNHWDHWDNWNNH	M6353_1.02	-4	0.00378172	2.772	0.855503	7	AGTTGCAGCTGCAACT	GCAGCTG	+
DNWDDNWNWNHHWNH	M6413_1.02	-1	0.00382451	2.80337	0.559647	14	TCATTCAGTGAATGA	CCATCAATCAATTTA	+
HWNHHDNHDNHDDNWD	M0629_1.02	1	0.00382512	2.80381	0.559736	10	ATGTATGTACATACAT	AATGTATCAAT	+
NWDNHWBWVWDNHWN	M6147_1.02	6	0.00383917	2.81411	0.689955	15	ATTAATGTCATTAAT	TTTAATTTGATTTCGATTAATT	+
NWNNHWKNMWDNNWN	M5348_1.02	-1	0.0038658	2.83363	0.562797	13	ATTACTGTCAGTAAT	CTAATCTAATTAA	+
DNWDNHDNNHDNHWNH	M0630_1.02	-1	0.00389966	2.85845	0.830648	10	TCATGATGCATCATGA	AATGTATCAA	+
NHTGCADN	M5735_1.02	3	0.00390293	2.86085	0.315111	8	TTTGCAAA	AAATTAGCATAAT	+
NWBHNDNNNHNDVWN	M0104_1.02	-3	0.00392953	2.88034	0.481263	11	CTGAATTTAATTCAG	ATATTAATTAA	+
NWNHWDNHDNHWDNWN	M6296_1.02	-1	0.00394236	2.88975	0.963249	13	ATGCTTCTAGAAGCAT	TTCATCAATCATT	+
DNHWNHWNNWDNWDNH	M0630_1.02	-1	0.00394372	2.89074	1	10	TGATGTAGCTACATCA	AATGTATCAA	+
NDVWKNMWBHN	M5420_1.02	-1	0.00395295	2.89751	0.714022	10	TACTGGCAGTA	ACCGGAAGTA	+
WNWGCWNW	M0442_1.02	0	0.00396885	2.90917	0.849636	8	AATGCATT	AATGCAGTG	+
HNHWGNCWDND	M5291_1.02	1	0.00398672	2.92227	0.670856	11	TACTGTCAGTA	TTAATTTAATTAA	+
NWNNHWKNMWDNNWN	M5743_1.02	-1	0.00401493	2.94294	0.574508	14	CTTACAGTCTGTAAG	ATGCATAATTAATGAG	+
WBHCWGDVW	M6497_1.02	1	0.00401615	2.94384	1	9	TTTCTGAAA	TTCCCAGGAATTT	+
NWBHHDNNNHDDVWN	M5635_1.02	-4	0.00403117	2.95485	0.920891	10	ATGAAATTATTTCAT	TTTAATTACT	+
DNWDNHWDHWDNHWNH	M0178_1.02	-3	0.00404525	2.96517	0.753323	10	ACTTACTGCAGTAAGT	AACAGCTGTT	+
NWNNHDNHDNHDNNWN	M6426_1.02	-6	0.00404876	2.96774	0.741594	10	ATTCTTCATGAAGAAT	CATAAATAAT	+
NDBHNDBWVHNDVHN	M0632_1.02	1	0.0040551	2.97239	0.744095	9	ATGAATCTGATTCAT	AATGTATCAA	+
HDNWNNNNNNNNWNHD	M6304_1.02	-3	0.00406365	2.97865	0.278795	10	ATCTAATATATTAGAT	TAATAAAATT	+
NWNNHDNHDNHDNNWN	M0630_1.02	1	0.00408885	2.99713	1	9	CTGCATCATGATGCAG	AATGTATCAA	+
NWNNHDNHDNHDNNWN	M0632_1.02	1	0.00408885	2.99713	1	9	CTGCATCATGATGCAG	AATGTATCAA	+
WDCWNWGHW	M5711_1.02	0	0.00409662	3.00282	0.750361	9	TTCAGTGAA	TGCAGTCATGCGTGACG	+
NWNNHDNHDNHDNNWN	M2321_1.02	0	0.00410342	3.00781	1	16	CTGCATGTACATGCAG	AGACATGCCCAGACATGCCC	+
WDNHWNWNWNWDNHW	M1583_1.02	-1	0.00411204	3.01413	0.500746	8	ATGCATTGAATGCAT	TTCATTGA	+
NWNNWDNHDNHWNNWN	M0630_1.02	-6	0.00415561	3.04606	1	10	CAGCTTCATGAAGCTG	AATGTATCAA	+
WNHHWSHNDSWDDNW	M6413_1.02	-5	0.00419452	3.07458	0.768292	10	TGAATGATTCATTCA	CCATCAATCAATTTA	+
NWDNMWBNVWKNHWN	M6426_1.02	0	0.00422931	3.10008	0.774665	10	CTTACAGTCTGTAAG	CATAAATAAT	+
HDNHWDNHDNHWDNHD	M2289_1.02	0	0.00425911	3.12193	0.443951	13	ATGATGCATGCATCAT	AAGATGATGTCAT	+
NWNNHDNHDNHDNNWN	M6206_1.02	-4	0.00427051	3.13029	0.594063	11	ATGTATCATGATACAT	ATAAGGAAGTA	+
NWNNMWDNHWKNNWN	M5740_1.02	3	0.00427977	3.13707	1	11	ATTACAGTCTGTAAT	ATGAATAATTAATG	+
WNNHWNHWDNWDNNW	M6419_1.02	-6	0.00428397	3.14015	0.784677	9	TGAATGATTCATTCA	CATCAATCAAGCT	+
DCWDDNNHHWGH	M5616_1.02	0	0.00430045	3.15223	0.629292	12	TCAGTTAACTGA	GCTATAAATAGC	+
DVWNDNHNDNHNWBH	M6327_1.02	-1	0.00430121	3.15279	0.523782	7	TCATTCATTGAATGA	CTTTGAT	+
WDNMWNNWKNHW	M5689_1.02	0	0.00431495	3.16286	0.312943	11	TGACAGCTGTCA	AATTTGCTGAC	+
DNWDNHWDHWDNHWNH	M6343_1.02	-1	0.00432295	3.16872	0.753323	13	ACTTACTGCAGTAAGT	CATAAAACTGTCA	+
DNHNNNWDHWNNNDNH	M4629_1.02	2	0.00432442	3.1698	0.632799	15	TATTTCTGCAGAAATA	CATGACTCAGCAATTTT	+
HDNWNNNNNNNNWNHD	M5637_1.02	4	0.00432478	3.17007	0.278795	14	ATCTAATATATTAGAT	TAATTGGTTTTTAATTGC	+
HDNWNNNNNNNNWNHD	M0931_1.02	-3	0.00432504	3.17026	0.278795	9	ATCTAATATATTAGAT	TAATTAATT	+
WNWGCWNW	M4971_1.02	3	0.00432619	3.1711	0.450321	7	ACTGCAGT	GTAACAGCTG	+
HDNWNNNNNNNNWNHD	M6378_1.02	3	0.00432998	3.17387	0.278795	10	ATCTAATATATTAGAT	AATAAGTATATAA	+
MWGNNHDNNCWK	M5343_1.02	-2	0.00433129	3.17484	0.211343	8	CTGTAATTACAG	ATAATTAC	+
MWGNNHDNNCWK	M5605_1.02	-2	0.00433129	3.17484	0.211343	8	CTGTAATTACAG	TTAATTAA	+
DVWNNNWNNWNNNWBH	M4665_1.02	-1	0.00433445	3.17715	0.591208	15	TCTGTATTAATACAGA	CAGATAAGAATCTGT	+
NWNNWDNNNNHWNNWN	M4467_1.02	0	0.00433967	3.18098	0.639963	15	CTGCTGTATACAGCAG	ATGCCAAAAATAGCA	+
DNMWNDNWNHNWKNH	M6331_1.02	0	0.00437558	3.2073	1	9	TTCATACTGTATGAA	TGCTGACGG	+
NWDNHWBWVWDNHWN	M1581_1.02	0	0.00437626	3.2078	0.689955	10	ATTAATGTCATTAAT	TTTGCTGACT	+
HWKHHHDDDMWD	M2321_1.02	4	0.00441532	3.23643	0.24204	12	CTGTAATTACAG	AGACATGCCCAGACATGCCC	+
DNWKNMWNH	M6224_1.02	3	0.00441855	3.2388	0.999971	9	ACTGGCAGT	GCCACAGGAAGTAACAC	+
DNHDNHWDHWDNHDNH	M5738_1.02	-3	0.00443042	3.2475	0.409569	9	TAATTCTGCAGAATTA	ATTTGCATA	+
DDCWNWNWGHH	M1581_1.02	2	0.00444299	3.25672	1	8	TGCAGTCTGCA	TTTGCTGACT	+
MWGNNHDNNCWK	M0931_1.02	-3	0.00444309	3.25678	0.211343	9	CTGTAATTACAG	TAATTAATT	+
MWGNNHDNNCWK	M6415_1.02	-2	0.00444309	3.25678	0.211343	9	CTGTAATTACAG	CTAATTACC	+
DNNWNHWDHWDNWNNH	M0632_1.02	-1	0.0044464	3.25921	0.732411	10	ATCTGCTGCAGCAGAT	AATGTATCAA	+
HWKHHHDDDMWD	M5344_1.02	-2	0.00448385	3.28666	0.24204	8	CTGTAATTACAG	GTAATTGG	+
HBWGCWVD	M4572_1.02	7	0.00450343	3.30101	0.900842	8	TTTGCAAA	TGCTGACTCAGCAAA	+
HBWGCWVD	M4629_1.02	6	0.0045282	3.31917	0.900842	8	TTTGCAAA	CATGACTCAGCAATTTT	+
WNNWNWDNNHWNWNNW	M6503_1.02	5	0.00456068	3.34298	1	16	TACTCATATATGAGTA	GTCGCTTTTCACACCTCTGATGGCA	+
DCWDNNNNHWGH	M0737_1.02	0	0.00456744	3.34794	0.534099	10	TCTGTATACAGA	TATGTAAACA	+
NHTGCADN	M4509_1.02	1	0.00457989	3.35706	0.33279	8	TTTGCAAA	ATTTGCATAACAAAGGA	+
DNHDNHWDHWDNHDNH	M5740_1.02	-5	0.0045871	3.36234	0.409569	11	TAATTCTGCAGAATTA	ATGAATAATTAATG	+
DNWDNHDNNHDNHWNH	M6296_1.02	1	0.00459395	3.36736	0.829501	12	TCTGAATGCATTCAGA	TTCATCAATCATT	+
NWNNNWDNHWNNNWN	M6463_1.02	3	0.00462231	3.38815	0.943536	9	CTGACATGATGTCAG	AGCCTGTCTGCC	+
HNHWGNCWDND	M6436_1.02	0	0.00463884	3.40027	0.670856	11	TACTGTCAGTA	TACAGACTGTTCT	+
NWNNNWKNMWNNNWN	M6429_1.02	-4	0.00465357	3.41106	1	11	CTGACAGTCTGTCAG	CATAATTTATGCA	+
NHDDVWDNHWBHHDN	M5743_1.02	-1	0.00466475	3.41926	1	14	CATACAGTCTGTATG	ATGCATAATTAATGAG	+
NDBHNDBWVHNDVHN	M6249_1.02	-3	0.00469016	3.43789	0.744095	9	ATGAATCTGATTCAT	AAACAAATT	+
NWNNNDNHDNHNNNWN	M0632_1.02	1	0.00471386	3.45526	0.823798	9	ATTTATGTACATAAAT	AATGTATCAA	+
DNWDNHWDHWDNHWNH	M5934_1.02	-2	0.00471478	3.45593	0.753323	12	ACTTACTGCAGTAAGT	TGACAGCTGTCA	+
NWDNHWBWVWDNHWN	M5348_1.02	-1	0.00471501	3.4561	0.689955	13	ATTAATGTCATTAAT	CTAATCTAATTAA	+
DNMWNDNWNHNWKNH	M6436_1.02	-4	0.00474299	3.47662	1	11	TTCATACTGTATGAA	TACAGACTGTTCT	+
NWVWKNMWBWN	M5398_1.02	-1	0.00474882	3.48088	0.525508	10	CACTGGCAGTG	ACCGGAAGTG	+
NWNNWNHNNDNWNNWN	M6298_1.02	-2	0.00476296	3.49125	1	11	CAGCAGATATCTGCTG	GCATTAATCAA	+
DNWDNHDNNHDNHWNH	M0632_1.02	-4	0.00482184	3.53441	0.830648	10	TCATGATGCATCATGA	AATGTATCAA	+
DNHDNHWDHWDNHDNH	M0630_1.02	-1	0.00482638	3.53773	0.409569	10	TAATTCTGCAGAATTA	AATGTATCAA	+
DNHDNHWDHWDNHDNH	M0632_1.02	-1	0.00482638	3.53773	0.409569	10	TAATTCTGCAGAATTA	AATGTATCAA	+
DNWDNHWDHWDNHWNH	M0632_1.02	-4	0.00483437	3.5436	0.753323	10	ACTTACTGCAGTAAGT	AATGTATCAA	+
NWDDVWNNNWBHHWN	M5743_1.02	-1	0.00483747	3.54587	0.88606	14	CATACAGTCTGTATG	ATGCATAATTAATGAG	+
HDNWNNNNNNNNWNHD	M0975_1.02	-3	0.00486031	3.5626	0.278795	9	ATCTAATATATTAGAT	TAATTAATT	+
DNHDNHWDHWDNHDNH	M5744_1.02	-3	0.00487193	3.57112	0.409569	9	TAATTCTGCAGAATTA	ATTTGCATA	+
DVWNNNWNNWNNNWBH	M0104_1.02	-3	0.00487523	3.57354	0.591208	11	TCTGTATTAATACAGA	ATATTAATTAA	+
NWNNHDNHDNHDNNWN	M6115_1.02	1	0.00487835	3.57583	0.594063	14	ATGTATCATGATACAT	CATGTCTGGGCATGT	+
NNTKMANN	M6425_1.02	0	0.00493003	3.61371	0.866061	8	ATTGCAAT	TTTGCATTACAATG	+
MWKNNMWK	M6466_1.02	3	0.00494774	3.6267	1	6	CTGGCCAG	TGTCTGGCC	+
HBWGCWVD	M5689_1.02	2	0.00495344	3.63087	0.900842	8	TTTGCAAA	AATTTGCTGAC	+
WNWGCWNW	M6262_1.02	-2	0.00495359	3.63098	0.451175	6	ACTGCAGT	TGCAGTGATTT	+
DNHDNHWDHWDNHDNH	M6508_1.02	2	0.00497636	3.64767	0.409569	13	TAATTCTGCAGAATTA	GATATTTCTGCTCTA	+
HWKHHHDDDMWD	M5944_1.02	-2	0.00498399	3.65327	0.24204	8	CTGTAATTACAG	CTAATTAC	+
NWDNNWBNVWNNHWN	M1581_1.02	0	0.0049998	3.66485	0.608854	10	CATACAGTCTGTATG	TTTGCTGACT	+
HDNHWDNHDNHWDNHD	M5743_1.02	0	0.00500853	3.67125	0.456808	16	ATGATGCATGCATCAT	ATGCATAATTAATGAG	+
DVWNNNWNNWNNNWBH	M0747_1.02	-4	0.00501166	3.67355	0.591208	10	TCTGTATTAATACAGA	AATGTAAACA	+
WNWKNMWNW	M6268_1.02	0	0.00502246	3.68146	0.99999	9	TCTGGCAGA	AATGCCAGACGC	+
DCWDNNNNHWGH	M6399_1.02	1	0.00502446	3.68293	0.534099	12	TCTGTATACAGA	GTCTTGTTATTGATTTTTTTT	+
HWKHHHDDDMWD	M0975_1.02	-3	0.00502486	3.68323	0.24204	9	CTGTAATTACAG	TAATTAATT	+
DNHDNHWDHWDNHDNH	M6353_1.02	-4	0.00506207	3.7105	0.947343	7	TGATGCAGCTGCATCA	GCAGCTG	+
DCWDNNNNHWGH	M2306_1.02	1	0.00508974	3.73078	1	12	ACATTTAAATGT	TTCATTTGCATAT	+
NYTGCARN	M6425_1.02	0	0.00509622	3.73553	0.935119	8	ATTGCAAT	TTTGCATTACAATG	+
NDVWKNMWBHN	M6206_1.02	0	0.00510256	3.74018	0.714022	11	TACTGGCAGTA	ATAAGGAAGTA	+
HDNWNNNNNNNNWNHD	M6438_1.02	0	0.00510258	3.74019	0.278795	15	ATCTAATATATTAGAT	GAGAAATTAATATAA	+
NHDDVWDNHWBHHDN	M5291_1.02	-1	0.00510747	3.74378	0.64422	13	CTTACTGTCAGTAAG	TTAATTTAATTAA	+
NWNDVWDNHWBHNWN	M1581_1.02	0	0.00511937	3.7525	1	10	CATTCTGTCAGAATG	TTTGCTGACT	+
NWDNHWKNMWDNHWN	M5740_1.02	3	0.00513992	3.76756	1	11	CTGACAGTCTGTCAG	ATGAATAATTAATG	+
WNWKNMWNW	M1970_1.02	-2	0.00514823	3.77365	0.999992	6	TCTGGCAGA	TGCCAA	+
NWNNNWDNHWNNNWN	M6297_1.02	0	0.0051489	3.77414	0.943536	10	CTGACATGATGTCAG	CATTAATCAA	+
DNWKNMWNH	M6224_1.02	3	0.0051839	3.7998	0.999992	9	TCTGGCAGA	GCCACAGGAAGTAACAC	+
NWNDVWDNHWBHNWN	M5740_1.02	-1	0.00519187	3.80564	1	14	CATTCTGTCAGAATG	ATGAATAATTAATG	+
VWDKSMHWB	M2307_1.02	3	0.00520896	3.81817	0.796512	9	CATTGAATG	AGAAAGTGAAAGTGA	+
MWGNNHDNNCWK	M0975_1.02	-3	0.00521102	3.81968	0.216887	9	CTGTAATTACAG	TAATTAATT	+
MWGNNHDNNCWK	M5551_1.02	-1	0.00521102	3.81968	0.216887	9	CTGTAATTACAG	TTTTATTAC	+
NWNNHWKNMWDNNWN	M6378_1.02	-1	0.00521165	3.82014	0.574508	13	CTTACAGTCTGTAAG	AATAAGTATATAA	+
NWNNHWKNMWDNNWN	M6429_1.02	-4	0.00521165	3.82014	0.574508	11	CTTACAGTCTGTAAG	CATAATTTATGCA	+
NWNNNWKNMWNNNWN	M5743_1.02	-1	0.00522275	3.82827	0.934736	14	CTTACAGTCTGTAAG	ATGCATAATTAATGAG	+
NWNNHWKNMWDNNWN	M6329_1.02	-2	0.00525806	3.85416	0.978751	13	ATTACAGTCTGTAAT	AAAATTAATTAAT	+
NWNNHWKNMWDNNWN	M6436_1.02	-2	0.00525806	3.85416	0.978751	13	ATTACAGTCTGTAAT	TACAGACTGTTCT	+
HDVWKNMWBHD	M6529_1.02	1	0.00528159	3.87141	0.893298	6	TACTGGCAGTA	TTTCTGG	+
NWVWKNMWBWN	M6529_1.02	1	0.00528733	3.87561	0.525508	6	CACTGGCAGTG	TTTCTGG	+
WNNNWBHWDVWNNNW	M0629_1.02	-2	0.00529307	3.87982	1	11	TGAATGATTCATTCA	AATGTATCAAT	+
DNHNNNWDHWNNNDNH	M6508_1.02	2	0.00532529	3.90344	0.93555	13	TCATTCTGCAGAATGA	GATATTTCTGCTCTA	+
NWNNNWKNMWNNNWN	M6429_1.02	0	0.00532707	3.90474	0.934736	13	CTTACAGTCTGTAAG	CATAATTTATGCA	+
DNNWNHWNNWDNWNNH	M6417_1.02	-1	0.00534484	3.91777	1	13	AGCAGATGCATCTGCT	ATATATTCATGAG	+
DNHDNHWDHWDNHDNH	M5729_1.02	-3	0.00535131	3.92251	0.409569	9	TAATTCTGCAGAATTA	ATTTGCATA	+
NWNNHWKNMWDNNWN	M6299_1.02	-3	0.00537482	3.93974	0.640645	12	ATTACTGTCAGTAAT	AAAGTAATAAATCAT	+
WDCWNWGHW	M6263_1.02	-1	0.00541312	3.96782	0.793199	8	TTCAGTGAA	GCTGTGATTT	+
MWKNNMWK	M6514_1.02	7	0.00541985	3.97275	1	8	CTGGCCAG	GCCTGAACTGGCCAGA	+
DNHNNNWDHWNNNDNH	M5743_1.02	-5	0.00544001	3.98753	0.663372	11	TATTTCTGCAGAAATA	ATGCATAATTAATGAG	+
NWNNHWKNMWDNNWN	M6426_1.02	0	0.00548896	4.02341	0.574508	10	CTTACAGTCTGTAAG	CATAAATAAT	+
DNWNNNWDHWNNNWNH	M5722_1.02	-2	0.00550522	4.03533	0.520816	12	TCTGAATGCATTCAGA	TGACACCTGTCA	+
NHDNVWDNHWBNHDN	M6436_1.02	-2	0.00550683	4.03651	1	13	ATTACTGTCAGTAAT	TACAGACTGTTCT	+
NWNNWDNHDNHWNNWN	M0632_1.02	-6	0.00551975	4.04598	1	10	CAGCTTCATGAAGCTG	AATGTATCAA	+
WNDMWNDNHNWKHNW	M5624_1.02	0	0.00552189	4.04755	0.744619	10	TGTCAGTTACTGACA	AGTAATTAAC	+
HWKHHHDDDMWD	M1071_1.02	-2	0.00553278	4.05553	0.24204	8	CTGTAATTACAG	TTAATGAC	+
MWGNNHDNNCWK	M6438_1.02	0	0.00556413	4.0785	0.217961	12	CTGTAATTACAG	GAGTAATTAATATAA	+
NHDDVWDNHWBHHDN	M5743_1.02	-1	0.00559646	4.10221	0.64422	14	CTTACTGTCAGTAAG	ATGCATAATTAATGAG	+
NWNNHDNHDNHDNNWN	M0630_1.02	1	0.00559901	4.10408	0.754688	9	ATTCTTCATGAAGAAT	AATGTATCAA	+
HWKHHHDDDMWD	M6514_1.02	2	0.00560237	4.10654	0.24204	12	CTGTAATTACAG	GCCTGAACTGGCCAGA	+
DCWDNNNNHWGH	M4567_1.02	2	0.0056109	4.11279	0.638973	12	TCAGTATACTGA	GCAAAGTAAACATAG	+
NWBHHDNNNHDDVWN	M6328_1.02	0	0.00561596	4.1165	0.920891	13	ATGAAATTATTTCAT	CACTTTTAATTAG	+
NWNNNWKNMWNNNWN	M5740_1.02	3	0.00561649	4.11689	1	11	ATTACAGTCTGTAAT	ATGAATAATTAATG	+
DNHDNHWDHWDNHDNH	M6378_1.02	-2	0.00562098	4.12018	0.409569	13	TAATTCTGCAGAATTA	AATAAGTATATAA	+
NHDDVWDNHWBHHDN	M6426_1.02	-4	0.00564125	4.13504	0.64422	10	CTTACTGTCAGTAAG	CATAAATAAT	+
HDNHWDNHDNHWDNHD	M6297_1.02	-6	0.00564988	4.14136	0.458047	10	ATGATGCATGCATCAT	CATTAATCAA	+
DNWDNHDNNHDNHWNH	M4665_1.02	-1	0.00566869	4.15515	0.830648	15	TCATGATGCATCATGA	CAGATAAGAATCTGT	+
DNNWNHWDHWDNWNNH	M2296_1.02	-2	0.00567627	4.16071	0.855503	14	AGTTGCAGCTGCAACT	CTGAGTCAGCAATTT	+
HDVWKNMWBHD	M5420_1.02	-1	0.00570889	4.18462	0.893298	10	TACTGGCAGTA	ACCGGAAGTA	+
WNWGCWNW	M5636_1.02	1	0.00572767	4.19839	0.849636	8	AATGCATT	AACAGCTGTT	+
WDNHWNWNWNWDNHW	M6262_1.02	-1	0.0057328	4.20214	0.598384	11	ATGCATTGAATGCAT	TGCAGTGATTT	+
VWDKSMHWB	M4545_1.02	3	0.00575404	4.21771	0.796512	9	CATTGAATG	AGAAAGTGAAAGTGA	+
DCWDNNNNHWGH	M6235_1.02	2	0.00575744	4.2202	0.534099	12	TCTGTATACAGA	CTTAAGTAAACAATG	+
NWVWKNMWBWN	M5825_1.02	2	0.00577257	4.23129	0.525508	11	CACTGGCAGTG	AACACTACCATTGTT	+
DCWDNNNNHWGH	M6399_1.02	1	0.00577905	4.23604	1	12	TCTGGTACCAGA	GTCTTGTTATTGATTTTTTTT	+
DCWDNNNNHWGH	M5973_1.02	6	0.00579187	4.24544	1	12	ACATTTAAATGT	AGGTGTTCTGTTAACACT	+
WNWGCWNW	M6344_1.02	2	0.00579561	4.24818	0.849636	8	AATGCATT	TGACAGCTGTCAA	+
DNHNDSHNDSHNDNH	M6159_1.02	1	0.00579719	4.24934	0.643256	15	TCATTCATTGAATGA	TTCCTAGAAAGCTTTT	+
DNHDNHWDHWDNHDNH	M6355_1.02	-2	0.00580143	4.25244	0.947343	13	TGATGCAGCTGCATCA	TGACAGCTGCTGC	+
HWKHHHDDDMWD	M0949_1.02	-2	0.00580972	4.25852	0.24204	7	CTGTAATTACAG	TTAATGA	+
NDVWKNMWBHN	M5825_1.02	2	0.00584734	4.2861	0.714022	11	TACTGGCAGTA	AACACTACCATTGTT	+
DNHDNHWDHWDNHDNH	M0216_1.02	-3	0.00585391	4.29092	0.947343	10	TGATGCAGCTGCATCA	CGCAGCTGTG	+
DCWDNNNNHWGH	M6441_1.02	10	0.00586694	4.30047	0.534099	11	TCTGTATACAGA	GGACAGCTGTTCTGTTTCCTG	+
DNMWNDNWNHNWKNH	M6429_1.02	-2	0.00587813	4.30867	1	13	TTCATACTGTATGAA	CATAATTTATGCA	+
DNMWNDNWNHNWKNH	M5740_1.02	1	0.00589937	4.32424	1	13	TTCATACTGTATGAA	ATGAATAATTAATG	+
BWNWNNHWDNNWNWV	M0906_1.02	-5	0.00590927	4.3315	0.924241	10	CAGTTTCTGAAACTG	AATTAATTAG	+
DCWDDNNHHWGH	M1884_1.02	1	0.00591822	4.33806	0.706988	12	TCAGTTAACTGA	AGCTAAAAATAGCAT	+
NHDDVWDNHWBHHDN	M6429_1.02	-4	0.00593827	4.35276	0.64422	11	CTTACTGTCAGTAAG	CATAATTTATGCA	+
WNWKNMWNW	M6268_1.02	0	0.00593861	4.353	0.999992	9	TCTGGCAGA	AATGCCAGACGC	+
WNNWNWDNNHWNWNNW	M1868_1.02	-3	0.00595651	4.36612	1	13	TACTCATATATGAGTA	ACAGATAAGAATCT	+
NWNNHDNHDNHDNNWN	M6285_1.02	-3	0.00602208	4.41419	0.628579	13	ATGTATCATGATACAT	TTTATTGATTTTTT	+
HDNWNNNNNNNNWNHD	M0104_1.02	-4	0.00602669	4.41756	0.278795	11	ATCTAATATATTAGAT	ATATTAATTAA	+
NWNNMWKNMWKNNWN	M6299_1.02	-3	0.00602784	4.41841	0.91399	12	ATTACTGTCAGTAAT	AAAGTAATAAATCAT	+
NWNHHDNHDNHDDNWN	M0630_1.02	-6	0.00605576	4.43887	1	10	CTGATTCATGAATCAG	AATGTATCAA	+
WVWKNMWBW	M0442_1.02	-1	0.00605804	4.44054	0.755205	8	ACTGGCAGT	AATGCAGTG	+
HWKHHHDDDMWD	M5551_1.02	-1	0.00606513	4.44574	0.24204	9	CTGTAATTACAG	TTTTATTAC	+
NWVHDNNWNNHDBWN	M6331_1.02	-4	0.00607279	4.45135	1	9	TTCATACTGTATGAA	TGCTGACGG	+
MWGNNHDNNCWK	M5604_1.02	-2	0.00607599	4.4537	0.221498	8	CTGTAATTACAG	TTAATTAA	+
NWBHHWNNNWDDVWN	M5635_1.02	-4	0.00608366	4.45932	0.791795	10	ATGAATTTAATTCAT	TTTAATTACT	+
DNHDNNWNNWNNHDNH	M5735_1.02	-1	0.00608865	4.46298	0.878261	13	TCATTCTGCAGAATGA	AAATTAGCATAAT	+
NWBHNDNNNHNDVWN	M6303_1.02	-6	0.00609247	4.46578	0.481263	8	CTGAATTTAATTCAG	TTAATTGA	+
HDVWKNMWBHD	M0442_1.02	-2	0.00609344	4.46649	0.893298	9	TACTGGCAGTA	AATGCAGTG	+
NWNNNDNHDNHNNNWN	M6507_1.02	3	0.00611471	4.48208	0.823798	11	ATTTATGTACATAAAT	CACATTCCTGCGCC	+
NHDDVWDNHWBHHDN	M1581_1.02	0	0.00615217	4.50954	0.64422	10	CTTACTGTCAGTAAG	TTTGCTGACT	+
DNHNDSHNDSHNDNH	M6412_1.02	0	0.00615423	4.51105	0.643256	15	TCATTCATTGAATGA	CCCATCAATCAAATT	+
WNNWNWDNNHWNWNNW	M0629_1.02	-4	0.00617196	4.52404	1	11	TACTCATATATGAGTA	AATGTATCAAT	+
NWNNWDNNNNHWNNWN	M5445_1.02	-4	0.00617311	4.52489	0.639963	12	CTGCTGTATACAGCAG	AGTAAATATTTTTT	+
DNNWNHWDHWDNWNNH	M0630_1.02	-1	0.00622375	4.56201	0.732411	10	ATCTGCTGCAGCAGAT	AATGTATCAA	+
HNHWGNCWDND	M5287_1.02	1	0.00624369	4.57662	0.670856	11	TACTGTCAGTA	CTAATTAAATTAA	+
DNWNNNWDHWNNNWNH	M5740_1.02	-5	0.00626987	4.59582	0.520816	11	TCTGAATGCATTCAGA	ATGAATAATTAATG	+
NWNNVWKNMWBNNWN	M6436_1.02	-2	0.00627166	4.59713	1	13	ATTACAGTCTGTAAT	TACAGACTGTTCT	+
DNWDNHWDHWDNHWNH	M0630_1.02	-4	0.00627737	4.60131	0.753323	10	ACTTACTGCAGTAAGT	AATGTATCAA	+
DNHDNNWDHWNNHDNH	M5689_1.02	-2	0.0062958	4.61482	1	11	TCAATCAGCTGATTGA	AATTTGCTGAC	+
NDBHNDBWVHNDVHN	M6147_1.02	6	0.00634907	4.65387	0.744095	15	ATGAATCTGATTCAT	TTTAATTTGATTTCGATTAATT	+
NWBHNDNNNHNDVWN	M5291_1.02	-1	0.00636248	4.6637	0.481263	13	CTGAATTTAATTCAG	TTAATTTAATTAA	+
DNHDNHWDHWDNHDNH	M0178_1.02	-3	0.006371	4.66995	0.947343	10	TGATGCAGCTGCATCA	AACAGCTGTT	+
HWKHHHDDDMWD	M5503_1.02	-1	0.00638383	4.67934	0.24204	10	CTGTAATTACAG	TTTAATTAGT	+
HDNWNNNNNNNNWNHD	M0635_1.02	3	0.00639471	4.68732	0.278795	10	ATCTAATATATTAGAT	AACATGTATAAAA	+
DNWDNHWDHWDNHWNH	M5935_1.02	-2	0.00641373	4.70127	0.753323	12	ACTTACTGCAGTAAGT	TGACAGCTGTCA	+
DNHDNHWNNWDNHDNH	M6328_1.02	-2	0.00644711	4.72573	1	13	TCTAGATGCATCTAGA	CACTTTTAATTAG	+
DNHDNHWDHWDNHDNH	M6508_1.02	-1	0.00646209	4.73671	0.947343	15	TGATGCAGCTGCATCA	GATATTTCTGCTCTA	+
DVWNNNWNNWNNNWBH	M5445_1.02	-2	0.00648061	4.75029	0.591208	14	TCTGTATTAATACAGA	AGTAAATATTTTTT	+
DNHDNHWDHWDNHDNH	M5689_1.02	-2	0.0064964	4.76186	0.430323	11	TAATTCTGCAGAATTA	AATTTGCTGAC	+
DNWNNNWDHWNNNWNH	M6331_1.02	-6	0.00654095	4.79452	0.520816	9	TCTGAATGCATTCAGA	TGCTGACGG	+
DNHDNHDNNHDNHDNH	M6417_1.02	-4	0.00654808	4.79974	1	12	TGATGATTAATCATCA	ATATATTCATGAG	+
NMWGNCWKN	M4428_1.02	3	0.00655415	4.80419	1	9	ACTGTCAGT	AGAACATTCTGTTC	+
HDNWNNNNNNNNWNHD	M1582_1.02	0	0.00659058	4.83089	0.278795	11	ATCTAATATATTAGAT	ATATATAATAA	+
NWNNWDNHDNHWNNWN	M6426_1.02	-6	0.00659338	4.83295	1	10	CTGCTGCATGCAGCAG	CATAAATAAT	+
MWKKNMMWK	M6357_1.02	-2	0.00660114	4.83863	1	7	CTGTTACAG	TTTAATGG	+
HWKHHHDDDMWD	M1027_1.02	-2	0.00665426	4.87758	0.24204	9	CTGTAATTACAG	TTAATTACC	+
HWKHHHDDDMWD	M5557_1.02	-2	0.00665426	4.87758	0.24204	9	CTGTAATTACAG	GTAATAAAA	+
DNWNNNWDHWNNNWNH	M6140_1.02	5	0.00668001	4.89645	0.520816	13	TCTGAATGCATTCAGA	ATTGGTTTTATTGGTTAA	+
HDNWNNNNNNNNWNHD	M0891_1.02	-6	0.00668809	4.90237	0.278795	10	ATCTAATATATTAGAT	TTAATTGGTT	+
VWDKSMHWB	M6425_1.02	5	0.00669056	4.90418	0.796512	9	CATTGAATG	TTTGCATTACAATG	+
WNNHWNHWDNWDNNW	M6413_1.02	-5	0.006703	4.9133	0.982209	10	TGAATGATTCATTCA	CCATCAATCAATTTA	+
WNNCWGNNW	M1955_1.02	1	0.00670731	4.91646	1	9	TTTCTGAAA	TTTCCAGGAAA	+
NWVWKNMWBWN	M1838_1.02	0	0.00671665	4.9233	0.996462	11	CACTGGCAGTG	CATTGCCTCAGGGCA	+
HNHWGNCWDND	M6417_1.02	1	0.0067172	4.92371	0.670856	11	TACTGTCAGTA	ATATATTCATGAG	+
NWBHHDNNNHDDVWN	M5343_1.02	-5	0.00674068	4.94092	0.920891	8	ATGAAATTATTTCAT	ATAATTAC	+
NWVWKNMWBWN	M1838_1.02	0	0.00675881	4.95421	0.535234	11	CACTGGCAGTG	CATTGCCTCAGGGCA	+
DCWDDNNHHWGH	M6342_1.02	0	0.00676397	4.95799	0.706988	12	TCAGTTAACTGA	GCTAAAAATAGC	+
NWDDVWNNNWBHHWN	M6426_1.02	-4	0.00676638	4.95976	0.991496	10	CATACAGTCTGTATG	CATAAATAAT	+
NWNNNWKNMWNNNWN	M5291_1.02	-1	0.00677168	4.96364	1	13	ATTACTGTCAGTAAT	TTAATTTAATTAA	+
DCWDNNNNHWGH	M5335_1.02	5	0.0067734	4.9649	0.638973	12	TCAGTATACTGA	ATCGATAATTTTATCGAT	+
NWVWKNMWBWN	M6529_1.02	1	0.00679715	4.98231	0.996462	6	CACTGGCAGTG	TTTCTGC	+
HDNWNNNNNNNNWNHD	M5551_1.02	-5	0.0068167	4.99664	0.278795	9	ATCTAATATATTAGAT	TTTTATTAC	+
NWNNHDNHDNHDNNWN	M6507_1.02	3	0.0068263	5.00368	0.754688	11	ATTCTTCATGAAGAAT	CACATTCCTGCGCC	+
DNWDNHDNNHDNHWNH	M6297_1.02	-1	0.00685488	5.02462	0.831777	10	ACTGAATGCATTCAGT	CATTAATCAA	+
DNHDNNWDHWNNHDNH	M2296_1.02	1	0.00689734	5.05575	1	14	TCAATCAGCTGATTGA	CTGAGTCAGCAATTT	+
WVMHDKBW	M6159_1.02	5	0.00696885	5.10817	1	8	AGAATTCT	TTCCTAGAAAGCTTTT	+
NWNNMWKNMWKNNWN	M6329_1.02	-2	0.00697197	5.11046	0.91399	13	ATTACTGTCAGTAAT	AAAATTAATTAAT	+
NWNNMWKNMWKNNWN	M6436_1.02	-2	0.00697197	5.11046	0.91399	13	ATTACTGTCAGTAAT	TACAGACTGTTCT	+
DNWDDNWNWNHHWNH	M4545_1.02	-2	0.00698841	5.1225	0.710908	13	TCATTCAGTGAATGA	AGAAAGTGAAAGTGA	+
NNTKMANN	M5738_1.02	1	0.00699147	5.12475	0.866061	8	ATTGCAAT	ATTTGCATA	+
WNNCWGNNW	M6497_1.02	1	0.00699183	5.12501	1	9	TTTCTGAAA	TTCCCAGGAATTT	+
WNHHWBHNDVWDDNW	M6413_1.02	-5	0.00701537	5.14226	1	10	TGAATGATTCATTCA	CCATCAATCAATTTA	+
WDNHWNWNWNWDNHW	M6159_1.02	-1	0.00701742	5.14377	0.640912	14	ATGCATTGAATGCAT	TTCCTAGAAAGCTTTT	+
NWNNNWKNMWNNNWN	M6426_1.02	0	0.00702285	5.14775	0.934736	10	CTTACAGTCTGTAAG	CATAAATAAT	+
DNHNNNWDHWNNNDNH	M5689_1.02	-2	0.00705111	5.16847	0.93555	11	TCATTCTGCAGAATGA	AATTTGCTGAC	+
HWNHHDNHDNHDDNWD	M2321_1.02	0	0.00705456	5.17099	0.860254	16	ATGTATGTACATACAT	AGACATGCCCAGACATGCCC	+
DVWNNNWNNWNNNWBH	M5335_1.02	1	0.00707603	5.18673	0.591208	16	TCTGTATTAATACAGA	ATCGATAATTTTATCGAT	+
DCWDNNNNHWGH	M6402_1.02	-3	0.00710201	5.20578	0.535781	9	TCTGTATACAGA	TGTAACTGT	+
DCWDNNNNHWGH	M0901_1.02	-1	0.00711066	5.21211	1	8	ACATTTAAATGT	CTTGTCAA	+
WNNWDNWNNWNHWNNW	M1582_1.02	-5	0.00713365	5.22897	1	11	TGCAGCTATAGCTGCA	ATATATAATAA	+
NWNNMWKNMWKNNWN	M1581_1.02	0	0.00713472	5.22975	0.91399	10	ATTACTGTCAGTAAT	TTTGCTGACT	+
DNWNNNWDHWNNNWNH	M1581_1.02	-4	0.00714138	5.23463	0.520816	10	TCTGAATGCATTCAGA	TTTGCTGACT	+
WNHHWSHNDSWDDNW	M6419_1.02	-6	0.00714742	5.23906	0.999541	9	TGAATGATTCATTCA	CATCAATCAAGCT	+
WNHNDSHNDSHNDNW	M6327_1.02	-5	0.00714756	5.23916	1	7	TGTATGATTCATACA	CTTTGAT	+
DNWDNHWDHWDNHWNH	M4665_1.02	-1	0.00719739	5.27569	0.753323	15	ACTTACTGCAGTAAGT	CAGATAAGAATCTGT	+
NWNNMWDNHWKNNWN	M6223_1.02	-2	0.00720492	5.28121	1	13	ATTACAGTCTGTAAT	GACAGGAAGTAAC	+
DNHWNHNNNNDNWDNH	M5973_1.02	5	0.0072133	5.28735	1	13	TGCAGTATATACTGCA	AGGTGTTCTGTTAACACT	+
NDBHNDBWVHNDVHN	M6412_1.02	3	0.00721528	5.2888	0.744095	12	ATGAATCTGATTCAT	CCCATCAATCAAATT	+
NWNNNDNHDNHNNNWN	M2321_1.02	0	0.00723601	5.304	0.823798	16	ATTTATGTACATAAAT	AGACATGCCCAGACATGCCC	+
MWGNNHDNNCWK	M5503_1.02	-1	0.00725176	5.31554	0.221498	10	CTGTAATTACAG	TTTAATTAGT	+
MWGNNHDNNCWK	M6189_1.02	-1	0.00725176	5.31554	0.221498	10	CTGTAATTACAG	GATAATTACA	+
NWNNHDNHDNHDNNWN	M6375_1.02	-3	0.00730304	5.35313	0.666999	12	ATGTATCATGATACAT	AAACCACTTAAA	+
DNHDNNWNNWNNHDNH	M4708_1.02	-4	0.00730492	5.35451	0.878261	10	TCATTCTGCAGAATGA	TATGCAAATA	+
NWNNNWKNMWNNNWN	M6299_1.02	-3	0.00730933	5.35774	1	12	ATTACAGTCTGTAAT	AAAGTAATAAATCAT	+
NWNNNWKNMWNNNWN	M5740_1.02	3	0.00733855	5.37915	1	11	ATTACTGTCAGTAAT	ATGAATAATTAATG	+
DNHWNHNNNNDNWDNH	M6279_1.02	-5	0.00735742	5.39299	1	7	TGCAGTATATACTGCA	AAAATAC	+
HDNHWDNHDNHWDNHD	M6296_1.02	-4	0.00737659	5.40704	0.538232	12	ATGATGCATGCATCAT	TTCATCAATCATT	+
NWNNHDNHDNHDNNWN	M0635_1.02	-4	0.00744003	5.45354	1	12	TTGCATCATGATGCAA	AACATGTATAAAA	+
NWNNHDNHDNHDNNWN	M6417_1.02	1	0.00744003	5.45354	1	12	TTGCATCATGATGCAA	ATATATTCATGAG	+
WDCWNWGHW	M5973_1.02	5	0.00745737	5.46625	0.830195	9	TTCAGTGAA	AGGTGTTCTGTTAACACT	+
DCWDNNNNHWGH	M6289_1.02	0	0.00747519	5.47931	1	12	TCTGGTACCAGA	TCATAAATTATC	+
DNNWNHWDHWDNWNNH	M4572_1.02	0	0.00747769	5.48115	0.732411	15	ATCTGCTGCAGCAGAT	TGCTGACTCAGCAAA	+
DNHNNNWDHWNNNDNH	M6331_1.02	-6	0.00748653	5.48762	0.93555	9	TCATTCTGCAGAATGA	TGCTGACGG	+
DVWNNNWNNWNNNWBH	M6114_1.02	-4	0.00749511	5.49391	0.591208	10	TCTGTATTAATACAGA	AAAGCAAACA	+
NWNNWDNNNNHWNNWN	M5446_1.02	-5	0.00753692	5.52456	0.639963	7	CTGCTGTATACAGCAG	GTAAACA	+
DCWDNNNNHWGH	M4467_1.02	2	0.00754135	5.52781	0.638973	12	TCAGTATACTGA	ATGCCAAAAATAGCA	+
NNTKMANN	M4708_1.02	0	0.00754587	5.53112	0.866061	8	ATTGCAAT	TATGCAAATA	+
NWNNWDNHDNHWNNWN	M0635_1.02	-4	0.00754635	5.53148	1	12	CAGCTTCATGAAGCTG	AACATGTATAAAA	+
HWKHHHDDDMWD	M4708_1.02	1	0.00754914	5.53352	0.26086	9	CTGTAATTACAG	TATGCAAATA	+
DNNWNHWDHWDNWNNH	M6508_1.02	2	0.00756394	5.54437	0.855503	13	AGTTGCAGCTGCAACT	GATATTTCTGCTCTA	+
MWGNNHDNNCWK	M6279_1.02	-3	0.00758927	5.56294	0.221498	7	CTGTAATTACAG	AAAATAC	+
DCWDNNNNHWGH	M6402_1.02	-3	0.00768774	5.63511	1	9	TCTGGTACCAGA	TGTAACTGT	+
DDCWNWNWGHH	M6173_1.02	-2	0.00771634	5.65608	1	9	TGCAGTCTGCA	CAGATTGCAAAAT	+
MWKNNMWK	M5621_1.02	1	0.00774143	5.67447	1	7	CTGGCCAG	CCTGTCAA	+
DNWDDNWNWNHHWNH	M1882_1.02	2	0.00774909	5.68008	0.710908	15	TCATTCAGTGAATGA	AAAGTGAAAGTGAAAGTAAAA	+
NDBHNDBWVHNDVHN	M4545_1.02	-1	0.00775177	5.68205	0.744095	14	ATGAATCTGATTCAT	AGAAAGTGAAAGTGA	+
NWNNNWKNMWNNNWN	M6436_1.02	-2	0.00775953	5.68774	1	13	ATTACTGTCAGTAAT	TACAGACTGTTCT	+
WVWKNMWBW	M6222_1.02	-1	0.00776036	5.68834	0.755205	8	ACTGGCAGT	CAGGAAGT	+
HNHWGNCWDND	M5348_1.02	1	0.00776409	5.69108	0.670856	11	TACTGTCAGTA	CTAATCTAATTAA	+
MWGNNHDNNCWK	M1071_1.02	-2	0.0077643	5.69124	0.221498	8	CTGTAATTACAG	TTAATGAC	+
DDCWNWNWGHH	M4681_1.02	0	0.00776893	5.69463	1	10	TGCAGTCTGCA	TGCTGAGTCA	+
DNNWNHWDHWDNWNNH	M2306_1.02	-3	0.00777313	5.6977	0.732411	13	ATCTGCTGCAGCAGAT	TTCATTTGCATAT	+
MWGNNHDNNCWK	M0906_1.02	0	0.00779149	5.71116	0.221498	10	CTGTAATTACAG	AATTAATTAG	+
HDNWNNNNNNNNWNHD	M6299_1.02	1	0.00780178	5.71871	0.278795	14	ATCTAATATATTAGAT	AAAGTAATAAATCAT	+
HNNWNHWNNWDNWNND	M0396_1.02	0	0.00780576	5.72162	1	10	TTCAGATGCATCTGAA	AACGGTAGCA	+
WVWKNMWBW	M6436_1.02	1	0.00781004	5.72476	0.755205	9	ACTGGCAGT	TACAGACTGTTCT	+
WNNWNWDNNHWNWNNW	M6256_1.02	-3	0.00783292	5.74153	1	9	TACTCATATATGAGTA	ACAGATAAC	+
NWNNNWKNMWNNNWN	M6463_1.02	3	0.00785476	5.75754	1	9	CTGACTTGAAGTCAG	AGCCTGTCTGCC	+
DCWDNNNNHWGH	M2385_1.02	-1	0.00785989	5.7613	0.638973	11	TCAGTATACTGA	AAGTAAACAAA	+
DNWDNHDNNHDNHWNH	M1868_1.02	0	0.00786203	5.76287	0.829501	14	TCTGAATGCATTCAGA	ACAGATAAGAATCT	+
NWNNMWKNMWKNNWN	M5740_1.02	-1	0.00786281	5.76344	1	14	ATTACTGTCAGTAAT	ATGAATAATTAATG	+
HDNWNNNNNNNNWNHD	M5740_1.02	0	0.00786936	5.76824	0.278795	14	ATCTAATATATTAGAT	ATGAATAATTAATG	+
NWNNHWKNMWDNNWN	M5584_1.02	-1	0.00787686	5.77374	0.640645	13	ATTACTGTCAGTAAT	TTAATCTAATTAA	+
NWNNHWKNMWDNNWN	M6455_1.02	0	0.00787686	5.77374	0.640645	13	ATTACTGTCAGTAAT	CTGACCTACTTTT	+
WDNMWNNWKNHW	M6419_1.02	-3	0.00788244	5.77783	0.448519	9	TGACAGCTGTCA	CATCAATCAAGCT	+
NWNNWDNHDNHWNNWN	M6417_1.02	1	0.00789367	5.78606	1	12	CTGCTGCATGCAGCAG	ATATATTCATGAG	+
WDCWNWGHW	M5702_1.02	0	0.00793184	5.81404	0.830195	9	TTCAGTGAA	TGCAGTCATGCGTGACG	+
HDNWNNNNNNNNWNHD	M5835_1.02	0	0.00794774	5.82569	0.278795	16	ATCTAATATATTAGAT	AACAATGTTCATTGTT	+
NWNHHDNHDNHDDNWN	M0632_1.02	-6	0.00795957	5.83437	1	10	CTGATTCATGAATCAG	AATGTATCAA	+
DNNWNHWDHWDNWNNH	M6353_1.02	-4	0.00799725	5.86198	0.732411	7	ATCTGCTGCAGCAGAT	GCAGCTG	+
DVWNNNWNNWNNNWBH	M0728_1.02	-2	0.00809538	5.93392	0.591208	12	TCTGTATTAATACAGA	AATAAACAAACA	+
NWNNHDNHDNHDNNWN	M2296_1.02	0	0.00810966	5.94438	0.754688	15	ATTCTTCATGAAGAAT	CTGAGTCAGCAATTT	+
NDBHNDBWVHNDVHN	M6328_1.02	0	0.00812483	5.9555	0.744095	13	ATGAATCTGATTCAT	CACTTTTAATTAG	+
WNNNWBHWDVWNNNW	M6419_1.02	-6	0.00816587	5.98558	1	9	TGAATGATTCATTCA	CATCAATCAAGCT	+
NYTGCARN	M4572_1.02	7	0.00816998	5.9886	0.935119	8	ATTGCAAT	TGCTGACTCAGCAAA	+
NWDNVWDNHWBNHWN	M6331_1.02	-2	0.00817438	5.99182	0.999541	9	CTTACAGTCTGTAAG	TGCTGACGG	+
WVWKNMWBW	M2277_1.02	0	0.00820273	6.0126	0.755205	9	ACTGGCAGT	ACAGGAAGTGG	+
NWNNWDNNNNHWNNWN	M6239_1.02	-1	0.00821585	6.02222	0.639963	11	CTGCTGTATACAGCAG	AAAAGTAAACA	+
NWNNHDNHDNHDNNWN	M6037_1.02	-1	0.00824049	6.04028	0.754688	12	ATTCTTCATGAAGAAT	TTTGTCATGTAG	+
WVWKNMWBW	M5422_1.02	0	0.00824235	6.04164	0.755205	9	ACTGGCAGT	ACCGGAAGTG	+
NWNNVWKNMWBNNWN	M6331_1.02	-2	0.00826512	6.05834	1	9	ATTACAGTCTGTAAT	TGCTGACGG	+
MWGNNHDNNCWK	M1027_1.02	-2	0.00828558	6.07333	0.221498	9	CTGTAATTACAG	TTAATTACC	+
NNTKMANN	M5729_1.02	1	0.00829214	6.07814	0.866061	8	ATTGCAAT	ATTTGCATA	+
NNTKMANN	M5744_1.02	1	0.00829214	6.07814	0.866061	8	ATTGCAAT	ATTTGCATA	+
HWKHHHDDDMWD	M5605_1.02	-2	0.00829781	6.08229	0.270972	8	CTGTAATTACAG	TTAATTAA	+
MWGNNHDNNCWK	M0958_1.02	-2	0.00831561	6.09534	0.221498	7	CTGTAATTACAG	CTAATTA	+
DVWNDNHNDNHNWBH	M6159_1.02	-3	0.00831854	6.09749	0.821328	12	TCATTCATTGAATGA	TTCCTAGAAAGCTTTT	+
WNNHWNHWDNWDNNW	M6296_1.02	-4	0.00833945	6.11282	0.999541	11	TGAATGATTCATTCA	TTCATCAATCATT	+
DCWDNNNNHWGH	M6441_1.02	10	0.0083476	6.11879	1	11	TCTGGTACCAGA	GGACAGCTGTTCAGTTTCCTG	+
NWNNWDNNNNHWNNWN	M0737_1.02	-2	0.00836401	6.13082	0.639963	10	CTGCTGTATACAGCAG	TATGTAAACA	+
NWNNMWKNMWKNNWN	M6426_1.02	-4	0.00838419	6.14561	1	10	ATTACTGTCAGTAAT	CATAAATAAT	+
DNWDNHDNNHDNHWNH	M6426_1.02	-1	0.00839867	6.15622	0.829501	10	TCTGAATGCATTCAGA	CATAAATAAT	+
WDNMWNNWKNHW	M2289_1.02	0	0.00846445	6.20444	0.448519	12	TGACAGCTGTCA	AAGATGATGTCAT	+
WVMHDKBW	M5889_1.02	4	0.00848104	6.2166	1	8	AGAATTCT	GGTGTGAATTCACACC	+
DNWDDNWNWNHHWNH	M4453_1.02	1	0.0084903	6.22339	0.710908	14	TCATTCAGTGAATGA	AAGAGGAAGTGAAAC	+
DCWDNNNNHWGH	M6343_1.02	-1	0.00851887	6.24433	1	11	ACATTTAAATGT	CATAAAACTGTCA	+
NMWGDNHCWKN	M0632_1.02	0	0.00853047	6.25283	1	10	TCAGTTACTGA	AATGTATCAA	+
DVWGNCWBH	M4428_1.02	3	0.00853321	6.25485	1	9	ACTGTCAGT	AGAACATTCTGTTC	+
HNHWGNCWDND	M5715_1.02	0	0.00854815	6.2658	0.670856	11	TACTGTCAGTA	TAATTTAATTA	+
WNHNDSHNDSHNDNW	M6413_1.02	-5	0.00855201	6.26863	1	10	TGTATGATTCATACA	CCATCAATCAATTTA	+
NWDNHWBWVWDNHWN	M5584_1.02	-1	0.00855266	6.2691	0.856237	13	ATTAATGTCATTAAT	TTAATCTAATTAA	+
NWNDVWDNHWBHNWN	M6426_1.02	-4	0.00858729	6.29448	1	10	CATTCTGTCAGAATG	CATAAATAAT	+
VWDKSMHWB	M6263_1.02	1	0.00860245	6.3056	0.796512	9	CATTGAATG	GCTGTGATTT	+
NWNNNWKNMWNNNWN	M6455_1.02	0	0.00861548	6.31514	0.934736	13	CTTACAGTCTGTAAG	CTGACCTACTTTT	+
HWKHHHDDDMWD	M5287_1.02	3	0.00862594	6.32281	0.270972	10	CTGTAATTACAG	CTAATTAAATTAA	+
NWNNNDNHDNHNNNWN	M6115_1.02	1	0.00862632	6.32309	0.823798	14	ATTTATGTACATAAAT	CATGTCTGGGCATGT	+
NDVWKNMWBHN	M6222_1.02	-2	0.00864721	6.33841	0.759106	8	TACTGGCAGTA	CAGGAAGT	+
MWGNNHDNNCWK	M5287_1.02	3	0.00864793	6.33893	0.221498	10	CTGTAATTACAG	CTAATTAAATTAA	+
DCWDNNNNHWGH	M2385_1.02	-1	0.00865427	6.34358	1	11	TCTGGTACCAGA	AAGTAAACAAA	+
WDNMWNNWKNHW	M5571_1.02	-1	0.00865805	6.34635	0.448519	10	TGACAGCTGTCA	GACAGGTGTA	+
WDNMWNNWKNHW	M0424_1.02	2	0.00865805	6.34635	0.448519	8	TGACAGCTGTCA	TTTGACAGCT	+
NWBHNDNNNHNDVWN	M6249_1.02	-3	0.00866101	6.34852	0.481263	9	CTGAATTTAATTCAG	AAACAAATT	+
NWNNMWKNMWKNNWN	M6378_1.02	-1	0.00867873	6.36151	0.91399	13	ATTACTGTCAGTAAT	AATAAGTATATAA	+
VWDKSMHWB	M1915_1.02	1	0.00869317	6.3721	0.796512	9	CATTGAATG	GCAAGGCATTATGGGAAATC	+
NWVWKNMWBWN	M6161_1.02	7	0.00869723	6.37507	0.535234	11	CACTGGCAGTG	ACCGGGTCACGTGCAGAAGC	+
NWNDVWDNHWBHNWN	M5743_1.02	-1	0.0087057	6.38128	1	14	CATTCTGTCAGAATG	ATGCATAATTAATGAG	+
WNHHWSHNDSWDDNW	M6285_1.02	1	0.00870592	6.38144	0.999541	13	TGAATGATTCATTCA	TTTATTGATTTTTT	+
DNWDDNWNWNHHWNH	M0442_1.02	-1	0.00874476	6.40991	0.710908	9	TCATTCAGTGAATGA	AATGCAGTG	+
DCWDNNNNHWGH	M4567_1.02	2	0.0087911	6.44387	1	12	TCTGGTACCAGA	GCAAAGTAAACATAG	+
NWVWKNMWBWN	M6223_1.02	0	0.0087979	6.44886	0.535234	11	CACTGGCAGTG	GACAGGAAGTAAC	+
DNWDNHDNNHDNHWNH	M5689_1.02	-6	0.00881362	6.46038	0.831777	10	ACTGAATGCATTCAGT	AATTTGCTGAC	+
NWVWKNMWBWN	M6222_1.02	-2	0.00881911	6.4644	0.535234	8	CACTGGCAGTG	CAGGAAGT	+
NYTGCARN	M5689_1.02	2	0.00881939	6.46461	0.935119	8	ATTGCAAT	AATTTGCTGAC	+
BWNWNNHWDNNWNWV	M6546_1.02	-3	0.00883801	6.47826	0.924241	11	CAGTTTCTGAAACTG	ATTAATAATTA	+
WNNWNHDNNHDNWNNW	M5746_1.02	-6	0.00885765	6.49266	1	10	TTCTGTTTAAACAGAA	ATAATGAGCT	+
NWNNHDNHDNHDNNWN	M2296_1.02	0	0.00886856	6.50065	1	15	CTGCATCATGATGCAG	CTGAGTCAGCAATTT	+
WBHCWGDVW	M6496_1.02	2	0.0088712	6.50259	1	9	TTTCTGAAA	TTTCCCAGAAAAG	+
NWNNMWKNMWKNNWN	M6299_1.02	-3	0.00887615	6.50622	1	12	ATTACTGTCAGTAAT	AAAGTAATAAATCAT	+
DNNWNHWDHWDNWNNH	M2306_1.02	-3	0.0089035	6.52627	0.855503	13	AGTTGCAGCTGCAACT	TTCATTTGCATAT	+
DNHDNNWNNWNNHDNH	M1581_1.02	-4	0.00891802	6.53691	0.878261	10	TCATTCTGCAGAATGA	TTTGCTGACT	+
NWNNWDNHDNHWNNWN	M2264_1.02	-5	0.00894167	6.55424	1	8	CTGCTGCATGCAGCAG	GCCATCTG	+
WNDMWNDNHNWKHNW	M1605_1.02	0	0.0089514	6.56138	0.744619	10	TGTCAGTTACTGACA	ATTCATCTTT	+
DNNWNHWDHWDNWNNH	M6330_1.02	1	0.00895564	6.56449	0.855503	16	AGTTGCAGCTGCAACT	GTGCTGACCCCGCAGCCTTCG	+
DVWGNCWBH	M6313_1.02	5	0.00895651	6.56512	1	9	ACTGTCAGT	GAGAAAGTGAAACTG	+
HNHWGNCWDND	M5941_1.02	1	0.00895803	6.56624	0.670856	11	TACTGTCAGTA	CTAATTTAATTAG	+
HDNWNNNNNNNNWNHD	M6412_1.02	3	0.00895904	6.56697	0.299305	12	ATCTAATATATTAGAT	CCCATCAATCAAATT	+
NWNNMWKNMWKNNWN	M5291_1.02	-1	0.00896595	6.57204	1	13	ATTACTGTCAGTAAT	TTAATTTAATTAA	+
HNHWGNCWDND	M6141_1.02	0	0.00896791	6.57348	0.670856	11	TACTGTCAGTA	TAATTCAATTAT	+
NNDNWDNHDNHWNHNN	M6417_1.02	1	0.00897785	6.58076	1	12	AATCTTCATGAAGATT	ATATATTCATGAG	+
NWNNNDNHDNHNNNWN	M0630_1.02	1	0.00899511	6.59342	0.823798	9	ATTTATGTACATAAAT	AATGTATCAA	+
NWDNMWBNVWKNHWN	M5291_1.02	-1	0.00900174	6.59827	0.999541	13	CTTACAGTCTGTAAG	TTAATTTAATTAA	+
DNHWNHDNNHDNWDNH	M6131_1.02	2	0.00900204	6.5985	1	16	TGTAGTTGCAACTACA	CCGGTTCAAACCGGTTCTGGC	+
DCWDNNNNHWGH	M5616_1.02	0	0.00902521	6.61548	0.535781	12	TCTGTATACAGA	GCTATAAATAGC	+
NWNNHWKNMWDNNWN	M0104_1.02	-3	0.00905658	6.63847	0.640645	11	ATTACTGTCAGTAAT	ATATTAATTAA	+
NWNHHDNHDNHDDNWN	M2296_1.02	0	0.00906953	6.64797	1	15	CTGATTCATGAATCAG	CTGAGTCAGCAATTT	+
WNNHWBHNDVWDNNW	M6510_1.02	-4	0.00906965	6.64805	1	11	TGACAGTTACTGTCA	TGTTTATGTAAATG	+
NWNNWDNNNNHWNNWN	M6417_1.02	-5	0.00907393	6.65119	0.639963	11	CTGCTGTATACAGCAG	ATATATTCATGAG	+
NWNNNWDNHWNNNWN	M6298_1.02	1	0.0090752	6.65212	1	10	CTGACATGATGTCAG	GCATTAATCAA	+
NWDNNWBNVWNNHWN	M6332_1.02	-1	0.00908746	6.66111	0.948541	8	CATACAGTCTGTATG	TTGCTGAC	+
DNWDNHDNNHDNHWNH	M6426_1.02	-1	0.0090947	6.66642	0.831777	10	ACTGAATGCATTCAGT	CATAAATAAT	+
MWGNNHDNNCWK	M0949_1.02	-2	0.00910118	6.67116	0.224474	7	CTGTAATTACAG	TTAATGA	+
NWNNWDNNNNHWNNWN	M0436_1.02	-3	0.00910857	6.67658	0.639963	10	CTGCTGTATACAGCAG	TTGTTTATTG	+
WNWGCWNW	M5934_1.02	2	0.00917194	6.72303	0.997946	8	AATGCATT	TGACAGCTGTCA	+
HNHWGNCWDND	M5714_1.02	0	0.009186	6.73334	0.670856	11	TACTGTCAGTA	TAATTTAATTA	+
NWNNNWKNMWNNNWN	M5348_1.02	-1	0.00921291	6.75306	0.934736	13	CTTACAGTCTGTAAG	CTAATCTAATTAA	+
DNWDNHDNNHDNHWNH	M0633_1.02	-3	0.00923982	6.77279	0.829501	10	TCTGAATGCATTCAGA	TAATGTATTA	+
WNWKNMWNW	M1970_1.02	-2	0.0092618	6.7889	0.99999	6	TCTGGCAGA	TGCCAA	+
WNWGCWNW	M5722_1.02	2	0.0092635	6.79014	0.749976	8	ACTGCAGT	TGACACCTGTCA	+
NWNNHWKNMWDNNWN	M5740_1.02	3	0.00928736	6.80763	0.978751	11	ATTACAGTCTGTAAT	ATGAATAATTAATG	+
NWVWKNMWBWN	M6119_1.02	3	0.00929744	6.81503	1	11	CACTGGCAGTG	AAAAAGAGGAAGTGG	+
WNNNWBHWDVWNNNW	M6413_1.02	-5	0.00933191	6.84029	1	10	TGAATGATTCATTCA	CCATCAATCAATTTA	+
DNHWNHNNNNDNWDNH	M6417_1.02	-4	0.00933414	6.84192	1	12	TGCAGTATATACTGCA	ATATATTCATGAG	+
DNNWNHWDHWDNWNNH	M4572_1.02	0	0.009337	6.84402	0.855503	15	AGTTGCAGCTGCAACT	TGCTGACTCAGCAAA	+
NWNNMWKNMWKNNWN	M6429_1.02	-4	0.00936501	6.86455	1	11	ATTACTGTCAGTAAT	CATAATTTATGCA	+
DCWDNNNNHWGH	M6343_1.02	-1	0.00937684	6.87322	0.535781	11	TCTGTATACAGA	CATAAAACTGTCA	+
NWVHDNNWNNHDBWN	M6328_1.02	0	0.00937967	6.8753	1	13	TTCATACTGTATGAA	CACTTTTAATTAG	+
HBWGCWVD	M5738_1.02	1	0.00938251	6.87738	0.900842	8	TTTGCAAA	ATTTGCATA	+
DNHDNNWDHWNNHDNH	M5636_1.02	-3	0.0093898	6.88272	1	10	TCAATCAGCTGATTGA	AACAGCTGTT	+
WBHCWGDVW	M1955_1.02	1	0.00939927	6.88967	1	9	TTTCTGAAA	TTTCCAGGAAA	+
HDNWNNNNNNNNWNHD	M6249_1.02	1	0.00940543	6.89418	0.299935	8	ATCTAATATATTAGAT	AAACAAATT	+
DNHNNNWDHWNNNDNH	M2296_1.02	1	0.0094097	6.89731	0.93555	14	TCATTCTGCAGAATGA	CTGAGTCAGCAATTT	+
WDNHWNWNWNWDNHW	M6263_1.02	-2	0.0094225	6.90669	0.764953	10	ATGCATTGAATGCAT	GCTGTGATTT	+
NYTGCARN	M4708_1.02	0	0.00942444	6.90811	0.935119	8	ATTGCAAT	TATGCAAATA	+
DNNWNHWNNWDNWNNH	M0630_1.02	-4	0.00943351	6.91476	1	10	AGCAGATGCATCTGCT	AATGTATCAA	+
DCWDNNNNHWGH	M5446_1.02	-3	0.00945147	6.92793	0.535781	7	TCTGTATACAGA	GTAAACA	+
NWNNNWKNMWNNNWN	M6181_1.02	2	0.00947064	6.94198	1	9	CTGACTTGAAGTCAG	CACTGACGTCA	+
DNHNNNWDHWNNNDNH	M6353_1.02	-4	0.00947162	6.9427	0.93555	7	TCATTCTGCAGAATGA	GCAGCTG	+
NWNNHWKNMWDNNWN	M6223_1.02	-2	0.00947375	6.94426	0.978751	13	ATTACAGTCTGTAAT	GACAGGAAGTAAC	+
WDNMWNNWKNHW	M2264_1.02	-1	0.00948056	6.94925	0.458387	8	TGACAGCTGTCA	GCCATCTG	+
NWNNWDNHDNHWNNWN	M6417_1.02	1	0.0094807	6.94936	1	12	CAGCTTCATGAAGCTG	ATATATTCATGAG	+
NWBHNDNNNHNDVWN	M0975_1.02	-2	0.00951998	6.97815	0.481263	9	CTGAATTTAATTCAG	TAATTAATT	+
NWDDVWNNNWBHHWN	M1581_1.02	0	0.00954839	6.99897	0.999541	10	CATACAGTCTGTATG	TTTGCTGACT	+
HNNWNHWNNWDNWNND	M6355_1.02	1	0.00956795	7.01331	1	12	TTCAGATGCATCTGAA	TGACAGCTGCTGC	+
NHWGWCWDN	M6333_1.02	0	0.00957716	7.02006	1	7	AATGTCATT	CATGACT	+
NHWGWCWDN	M6443_1.02	-2	0.00957716	7.02006	1	7	AATGTCATT	TGACCTC	+
NWNNVWKNMWBNNWN	M5740_1.02	3	0.00957727	7.02014	1	11	ATTACAGTCTGTAAT	ATGAATAATTAATG	+
NWBHNDNNNHNDVWN	M6147_1.02	6	0.00958061	7.02259	0.481263	15	CTGAATTTAATTCAG	TTTAATTTGATTTCGATTAATT	+
WNNWNWDNNHWNWNNW	M6115_1.02	-4	0.00958403	7.02509	1	12	TACTCATATATGAGTA	CATGTCTGGGCATGT	+
MWKNNMWK	M6507_1.02	2	0.00959444	7.03272	1	8	CTGGCCAG	CACATTCCTGCGCC	+
NWBHHDNNNHDDVWN	M6508_1.02	-2	0.00959559	7.03357	0.920891	13	ATGAAATTATTTCAT	GATATTTCTGCTCTA	+
WNDMWNDNHNWKHNW	M6303_1.02	-5	0.00960701	7.04194	0.744619	8	TGTCAGTTACTGACA	TTAATTGA	+
NWNNMWKNMWKNNWN	M6299_1.02	-3	0.00964849	7.07235	1	12	ATTACTGTCAGTAAT	AAAGTAATAAATCAT	+
DNNWNHWNNWDNWNNH	M4635_1.02	-1	0.00965182	7.07479	1	15	AGCAGATGCATCTGCT	GAAAATGAAACTGAA	+
NHTGCADN	M6173_1.02	3	0.00966936	7.08764	0.638734	8	TTTGCAAA	CAGATTGCAAAAT	+
NWNHNDNHDNHNDNWN	M6436_1.02	2	0.00969124	7.10368	1	11	CTGTATGATCATACAG	TACAGACTGTTCT	+
NHDNVWDNHWBNHDN	M5689_1.02	2	0.00969244	7.10456	1	9	ATTACTGTCAGTAAT	AATTTGCTGAC	+
NWNNMWKNMWKNNWN	M5740_1.02	3	0.00970315	7.11241	0.91399	11	ATTACTGTCAGTAAT	ATGAATAATTAATG	+
NWNNNWKNMWNNNWN	M1581_1.02	0	0.0097067	7.11501	1	10	ATTACTGTCAGTAAT	TTTGCTGACT	+
DNHNNNWDHWNNNDNH	M5735_1.02	-1	0.00971572	7.12163	0.99817	13	TATTTCTGCAGAAATA	AAATTAGCATAAT	+
NWNNMWKNMWKNNWN	M1581_1.02	0	0.00972168	7.12599	1	10	ATTACTGTCAGTAAT	TTTGCTGACT	+
NWBHNDNNNHNDVWN	M6438_1.02	0	0.009725	7.12843	0.481263	15	CTGAATTTAATTCAG	GAGAAATTAATATAA	+
NWNNMWDNHWKNNWN	M5743_1.02	-1	0.00973796	7.13792	1	14	ATTACAGTCTGTAAT	ATGCATAATTAATGAG	+
NWVWKNMWBWN	M5815_1.02	1	0.0097419	7.14081	1	11	CACTGGCAGTG	ACAATAACATTG	+
NWNNWDNNNNHWNNWN	M6378_1.02	0	0.00975007	7.1468	0.639963	13	CTGCTGTATACAGCAG	AATAAGTATATAA	+
MWGNNHDNNCWK	M0896_1.02	-2	0.00986323	7.22975	0.234581	8	CTGTAATTACAG	TTAATTAG	+
NWDNHWBWVWDNHWN	M6329_1.02	-2	0.0098771	7.23991	0.856237	13	ATTAATGTCATTAAT	AAAATTAATTAAT	+
NWNNHDNHDNHDNNWN	M6507_1.02	3	0.00989245	7.25117	0.737862	11	ATGTATCATGATACAT	CACATTCCTGCGCC	+
NWNNNWDNHWNNNWN	M1581_1.02	-4	0.00994204	7.28751	1	10	CTGACATGATGTCAG	TTTGCTGACT	+
DNWNNNWDHWNNNWNH	M0633_1.02	-3	0.00998047	7.31568	0.661699	10	TCTGAATGCATTCAGA	TAATGTATTA	+
WNNWNHDNNHDNWNNW	M6147_1.02	-5	0.00998224	7.31698	1	11	TTCTGTTTAAACAGAA	TTTAATTTGATTTCGATTAATT	+
NWNNMWKNMWKNNWN	M6426_1.02	-4	0.00998455	7.31868	0.91399	10	ATTACTGTCAGTAAT	CATAAATAAT	+
BWNWNNHWDNNWNWV	M6417_1.02	-2	0.00999025	7.32285	0.924241	13	CAGTTTCTGAAACTG	ATATATTCATGAG	+
HBWGCWVD	M6425_1.02	0	0.00999119	7.32355	0.900842	8	TTTGCAAA	TTTGCATTACAATG	+
DNWDNHDNNHDNHWNH	M6296_1.02	1	0.00999633	7.32731	0.988541	12	TCATGATGCATCATGA	TTCATCAATCATT	+
NWNNWNHNNDNWNNWN	M6296_1.02	-1	0.0100162	7.34186	1	13	CAGCAGATATCTGCTG	TTCATCAATCATT	+
NWNNNWKNMWNNNWN	M5743_1.02	-1	0.0100244	7.34787	1	14	CTGACAGTCTGTCAG	ATGCATAATTAATGAG	+
HNNWNHWNNWDNWNND	M0216_1.02	-6	0.0100291	7.35132	1	10	TTCAGATGCATCTGAA	CGCAGCTGTG	+
HNNWNHWNNWDNWNND	M0632_1.02	-4	0.0100291	7.35132	1	10	TTCAGATGCATCTGAA	AATGTATCAA	+
WNWGCWNW	M5838_1.02	5	0.0100748	7.38484	0.997946	8	AATGCATT	AACAATGTGCAGTGTT	+
DVWNDNHNDNHNWBH	M4463_1.02	2	0.0100757	7.38546	0.821328	15	TCATTCATTGAATGA	AATGTGGAAATGAGTCAG	+
DNWDNHDNNHDNHWNH	M0629_1.02	-1	0.01008	7.38861	0.988541	11	TCATGATGCATCATGA	AATGTATCAAT	+
DVWNDNHNDNHNWBH	M6295_1.02	-5	0.0101169	7.41569	0.821328	10	TCATTCATTGAATGA	CCATCCATCA	+
DCWDNNNNHWGH	M6441_1.02	10	0.0101251	7.4217	0.723374	11	TCAGTATACTGA	GGACAGCTGTTCAGTTTCCTG	+
DNWDNHDNNHDNHWNH	M6297_1.02	-1	0.0101553	7.44386	0.829501	10	TCTGAATGCATTCAGA	CATTAATCAA	+
NWNNMWDNHWKNNWN	M6429_1.02	-4	0.0101607	7.44782	1	11	ATTACAGTCTGTAAT	CATAATTTATGCA	+
WDNMWNNWKNHW	M6391_1.02	0	0.010175	7.4583	0.461217	12	TGACAGCTGTCA	TGACTTTTGACTTT	+
DNWDNHDNNHDNHWNH	M6343_1.02	-1	0.0101895	7.46894	0.829501	13	TCTGAATGCATTCAGA	CATAAAACTGTCA	+
HBWGCWVD	M5729_1.02	1	0.0101955	7.47328	0.900842	8	TTTGCAAA	ATTTGCATA	+
DNHNNNWDHWNNNDNH	M0216_1.02	-3	0.0102106	7.4844	0.93555	10	TCATTCTGCAGAATGA	CGCAGCTGTG	+
WNNWDNWNNWNHWNNW	M6510_1.02	0	0.010215	7.48758	1	14	TGCAGCTATAGCTGCA	TGTTTATGTAAATG	+
NWNNNWKNMWNNNWN	M2289_1.02	-2	0.0102268	7.49625	1	13	CTGACTTGAAGTCAG	AAGATGATGTCAT	+
NWNNMWKNMWKNNWN	M6332_1.02	-1	0.0102313	7.49954	1	8	ATTACTGTCAGTAAT	TTGCTGAC	+
NWNNHDNHDNHDNNWN	M0635_1.02	-4	0.010233	7.50082	0.737862	12	ATGTATCATGATACAT	AACATGTATAAAA	+
WNNCWGNNW	M6492_1.02	2	0.0102379	7.5044	1	9	TTTCTGAAA	TTTTCTAGGAATT	+
DCWDNNNNHWGH	M0747_1.02	0	0.0102392	7.50533	0.535781	10	TCTGTATACAGA	AATGTAAACA	+
NDBHNDBWVHNDVHN	M1882_1.02	3	0.0102604	7.52091	0.835272	15	ATGAATCTGATTCAT	AAAGTGAAAGTGAAAGTAAAA	+
HWKHHHDDDMWD	M1018_1.02	-3	0.0102677	7.52622	0.289623	7	CTGTAATTACAG	TAATTAA	+
NDVWKNMWBHN	M5422_1.02	-1	0.0102696	7.52764	0.759106	10	TACTGGCAGTA	ACCGGAAGTG	+
NDVWKNMWBHN	M6226_1.02	-2	0.0102696	7.52764	0.759106	9	TACTGGCAGTA	CAGGAAATAA	+
DCWDNNNNHWGH	M2283_1.02	2	0.0102995	7.54952	0.535781	12	TCTGTATACAGA	CAAAAGTAAACAAAG	+
DNNWNHWNNWDNWNNH	M0632_1.02	-4	0.010322	7.56606	1	10	AGCAGATGCATCTGCT	AATGTATCAA	+
NWDNMWBNVWKNHWN	M6378_1.02	-1	0.0103449	7.58285	0.999541	13	CTTACAGTCTGTAAG	AATAAGTATATAA	+
NWNHHDNHDNHDDNWN	M4572_1.02	2	0.0103481	7.58513	1	13	CTGATTCATGAATCAG	TGCTGACTCAGCAAA	+
HDVWKNMWBHD	M6223_1.02	0	0.0103513	7.58754	1	11	TACTGGCAGTA	GACAGGAAGTAAC	+
HWKHHHDDDMWD	M5689_1.02	-3	0.0103543	7.58969	0.289623	9	CTGTAATTACAG	AATTTGCTGAC	+
NDVWKNMWBHN	M6529_1.02	1	0.0103609	7.59455	0.759106	6	TACTGGCAGTA	TTTCTGG	+
NWNNHWKNMWDNNWN	M0633_1.02	-6	0.010369	7.60046	0.978751	9	ATTACAGTCTGTAAT	TAATGTATTA	+
DNHNDSHNDSHNDNH	M6327_1.02	-1	0.0103766	7.60602	0.856198	7	TCATTCATTGAATGA	CTTTGAT	+
DNWKNMWNH	M6222_1.02	-1	0.0103931	7.61814	0.999971	8	ACTGGCAGT	CAGGAAGT	+
NYTGCARN	M5729_1.02	1	0.0104003	7.62342	0.935119	8	ATTGCAAT	ATTTGCATA	+
HDNWNNNNNNNNWNHD	M5743_1.02	0	0.0104077	7.62881	0.305294	16	ATCTAATATATTAGAT	ATGCATAATTAATGAG	+
WNHHWSHNDSWDDNW	M6296_1.02	0	0.0104095	7.63014	0.999541	13	TGAATGATTCATTCA	TTCATCAATCATT	+
NWBHHWNNNWDDVWN	M6301_1.02	-4	0.0104181	7.6365	0.791795	10	ATGAATTTAATTCAT	AATTAAAGCA	+
HDNWNNNNNNNNWNHD	M0896_1.02	-6	0.0104438	7.65529	0.305294	8	ATCTAATATATTAGAT	TTAATTAG	+
WVWKNMWBW	M5420_1.02	0	0.0104668	7.67215	0.852461	9	ACTGGCAGT	ACCGGAAGTA	+
HWKHHHDDDMWD	M1157_1.02	-1	0.0104769	7.67956	0.289623	10	CTGTAATTACAG	TTTTATGACC	+
NWNNHDNHDNHDNNWN	M6285_1.02	0	0.0105099	7.70373	0.855577	14	ATTCTTCATGAAGAAT	TTTATTGATTTTTT	+
DNHDNHWDHWDNHDNH	M5743_1.02	-5	0.0105143	7.707	0.613575	11	TAATTCTGCAGAATTA	ATGCATAATTAATGAG	+
NWNNHWKNMWDNNWN	M6299_1.02	-3	0.0105188	7.71025	0.978751	12	ATTACAGTCTGTAAT	AAAGTAATAAATCAT	+
NWNNHWKNMWDNNWN	M5714_1.02	-2	0.0105231	7.71342	0.640645	11	ATTACTGTCAGTAAT	TAATTTAATTA	+
DNHNDSHNDSHNDNH	M2270_1.02	0	0.0105319	7.71991	0.856198	11	TCATTCATTGAATGA	TAATTTAATCA	+
DNHDNNWNNWNNHDNH	M2296_1.02	1	0.0106155	7.78114	0.878261	14	TCATTCTGCAGAATGA	CTGAGTCAGCAATTT	+
NNTKMANN	M0594_1.02	0	0.0106395	7.79874	0.866061	8	ATTGCAAT	ATTTGAATT	+
DNNWNHWNNWDNWNNH	M6330_1.02	1	0.0106744	7.82431	1	16	AGCAGATGCATCTGCT	GTGCTGACCCCGCAGCCTTCG	+
DNHDNHDNNHDNHDNH	M6328_1.02	-2	0.0106821	7.82995	1	13	TGATGATTAATCATCA	CACTTTTAATTAG	+
NWBHHDNNNHDDVWN	M1027_1.02	-5	0.0107187	7.8568	0.920891	9	ATGAAATTATTTCAT	TTAATTACC	+
NWNNHWKNMWDNNWN	M5348_1.02	-1	0.0107562	7.88433	0.978751	13	ATTACAGTCTGTAAT	CTAATCTAATTAA	+
HDNHWDNHDNHWDNHD	M5292_1.02	2	0.0107609	7.88771	0.713786	11	ATGATGCATGCATCAT	GGATGATGCAATA	+
DDCWNWNWGHH	M6332_1.02	1	0.0107611	7.88789	1	7	TGCAGTCTGCA	TTGCTGAC	+
WNDMWNDNHNWKHNW	M5735_1.02	-2	0.010776	7.89878	0.744619	13	TGTCAGTTACTGACA	AAATTAGCATAAT	+
DVWNNNWNNWNNNWBH	M6378_1.02	2	0.0107862	7.90629	0.716109	11	TCTGTATTAATACAGA	AATAAGTATATAA	+
DNWDNHDNNHDNHWNH	M6223_1.02	1	0.0107939	7.91196	0.988541	12	TCATGATGCATCATGA	GACAGGAAGTAAC	+
NYTGCARN	M4629_1.02	6	0.0107956	7.91316	0.935119	8	ATTGCAAT	CATGACTCAGCAATTTT	+
NWNNNWKNMWNNNWN	M6297_1.02	0	0.0108037	7.91914	1	10	CTGACTTGAAGTCAG	CATTAATCAA	+
HDVWKNMWBHD	M6226_1.02	-2	0.010808	7.92224	1	9	TACTGGCAGTA	CAGGAAATAA	+
HBWGCWVD	M4708_1.02	0	0.0108362	7.94293	0.900842	8	TTTGCAAA	TATGCAAATA	+
DNWDNHDNNHDNHWNH	M6131_1.02	2	0.0108698	7.96758	1	16	ACTTCATGCATGAAGT	CCGGTTCAAACCGGTTCTGGC	+
DCWDNHWGH	M6331_1.02	1	0.0108719	7.96909	1	8	ACAGTCTGT	TGCTGACGG	+
DCWDNNNNHWGH	M0737_1.02	0	0.0108755	7.97171	0.723374	10	TCAGTATACTGA	TATGTAAACA	+
HNNWNHWNNWDNWNND	M0630_1.02	-4	0.0108883	7.9811	1	10	TTCAGATGCATCTGAA	AATGTATCAA	+
NWNNVWKNMWBNNWN	M1581_1.02	0	0.0109047	7.99315	1	10	ATTACAGTCTGTAAT	TTTGCTGACT	+
NWNHNDNHDNHNDNWN	M0630_1.02	1	0.0109098	7.99686	1	9	CTGTATGATCATACAG	AATGTATCAA	+
DNHWNHNNNNDNWDNH	M6508_1.02	-4	0.0109422	8.02062	1	12	TGCAGTATATACTGCA	GATATTTCTGCTCTA	+
DNHDNNWDHWNNHDNH	M4708_1.02	-4	0.0109463	8.02362	1	10	TCAATCAGCTGATTGA	TATGCAAATA	+
NWNNHDNHDNHDNNWN	M0630_1.02	-6	0.0109515	8.02746	1	10	TTGCATCATGATGCAA	AATGTATCAA	+
NWVWKNMWBWN	M2277_1.02	-1	0.0109997	8.06278	1	10	CACTGGCAGTG	ACAGGAAGTGG	+
NWNNNWKNMWNNNWN	M6426_1.02	-4	0.0110119	8.07171	1	10	CTGACAGTCTGTCAG	CATAAATAAT	+
DNNWNHWNNWDNWNNH	M4572_1.02	-3	0.0110613	8.10791	1	13	AGCAGATGCATCTGCT	TGCTGACTCAGCAAA	+
NWNNHWKNMWDNNWN	M6436_1.02	-2	0.0110648	8.11049	0.640645	13	ATTACTGTCAGTAAT	TACAGACTGTTCT	+
HBWGCWVD	M5744_1.02	1	0.0110659	8.1113	0.900842	8	TTTGCAAA	ATTTGCATA	+
NWBHHWNNNWDDVWN	M6147_1.02	6	0.0110715	8.1154	0.791795	15	ATGAATTTAATTCAT	TTTAATTTGATTTCGATTAATT	+
NWBHNDNNNHNDVWN	M0632_1.02	1	0.0110744	8.11754	0.481263	9	CTGAATTTAATTCAG	AATGTATCAA	+
NWNNHDNHDNHDNNWN	M6417_1.02	1	0.0111085	8.14255	0.737862	12	ATGTATCATGATACAT	ATATATTCATGAG	+
WBHCWGDVW	M6492_1.02	2	0.0111155	8.14768	1	9	TTTCTGAAA	TTTTCTAGGAATT	+
WNNWNWDNNHWNWNNW	M1605_1.02	-1	0.0111737	8.1903	1	10	TACTCATATATGAGTA	ATTCATCTTT	+
WNWKNMWNW	M6224_1.02	3	0.0111819	8.19632	0.999992	9	TCTGGCAGA	GCCACAGGAAGTAACAC	+
NHWGWCWDN	M5581_1.02	0	0.0111923	8.20394	1	9	AATGTCATT	CATGTCATGTAA	+
DNWDNHWDHWDNHWNH	M6426_1.02	-1	0.0112334	8.23406	0.940315	10	ACTTACTGCAGTAAGT	CATAAATAAT	+
NYTGCARN	M5744_1.02	1	0.0112515	8.24735	0.935119	8	ATTGCAAT	ATTTGCATA	+
NWNNWDNNNNHWNNWN	M2385_1.02	-3	0.0112697	8.26068	0.639963	11	CTGCTGTATACAGCAG	AAGTAAACAAA	+
DVWGNCWBH	M6331_1.02	1	0.0112735	8.26345	1	8	ACTGTCAGT	TGCTGACGG	+
NWNNWNHNNDNWNNWN	M2385_1.02	-3	0.0113039	8.28575	1	11	CAGCAGATATCTGCTG	AAGTAAACAAA	+
NWBHHDNNNHDDVWN	M1157_1.02	-4	0.0113361	8.30934	0.920891	10	ATGAAATTATTTCAT	TTTTATGACC	+
NWBHHWNNNWDDVWN	M0633_1.02	-2	0.0113608	8.32749	0.791795	10	ATGAATTTAATTCAT	TAATGTATTA	+
WBHCWGDVW	M6159_1.02	0	0.0113879	8.34734	1	9	TTTCTGAAA	TTCCTAGAAAGCTTTT	+
NWNHNDNHDNHNDNWN	M5835_1.02	0	0.0114263	8.37549	1	16	CTGTATGATCATACAG	AACAATGTTCATTGTT	+
NWDNHWBWVWDNHWN	M6332_1.02	-1	0.0114287	8.37724	0.856237	8	ATTAATGTCATTAAT	TTGCTGAC	+
WDNCWGNHW	M6510_1.02	2	0.0114294	8.37774	1	9	TTTCTGAAA	TGTTTATGTAAATG	+
DNHDNHWDHWDNHDNH	M6278_1.02	0	0.0114583	8.3989	0.613575	12	TAATTCTGCAGAATTA	TAGGGCTGCAAA	+
NWBHNDNNNHNDVWN	M0931_1.02	-2	0.0114643	8.40335	0.481263	9	CTGAATTTAATTCAG	TAATTAATT	+
NWBHNDNNNHNDVWN	M5557_1.02	-2	0.0114643	8.40335	0.481263	9	CTGAATTTAATTCAG	GTAATAAAA	+
WNNWNHDNNHDNWNNW	M0632_1.02	-1	0.0114701	8.4076	1	10	TTCTGTTTAAACAGAA	AATGTATCAA	+
WNNWNHDNNHDNWNNW	M0737_1.02	-3	0.0114701	8.4076	1	10	TTCTGTTTAAACAGAA	TATGTAAACA	+
NMWGDNHCWKN	M4463_1.02	2	0.0114742	8.41062	1	11	TCAGTTACTGA	AATGTGGAAATGAGTCAG	+
WNNCWGNNW	M6159_1.02	0	0.0114953	8.42604	1	9	TTTCTGAAA	TTCCTAGAAAGCTTTT	+
NWNHHDNHDNHDDNWN	M6296_1.02	-4	0.0115057	8.43366	1	12	ATGATTCATGAATCAT	TTCATCAATCATT	+
BWNWNNHWDNNWNWV	M5605_1.02	-3	0.0115113	8.43776	0.924241	8	CAGTTTCTGAAACTG	TTAATTAA	+
WNNHWNHWDNWDNNW	M6298_1.02	-5	0.0115311	8.45233	0.999541	10	TGAATGATTCATTCA	GCATTAATCAA	+
NWNNMWKNMWKNNWN	M5291_1.02	-1	0.0115573	8.4715	1	13	ATTACTGTCAGTAAT	TTAATTTAATTAA	+
NWNNMWKNMWKNNWN	M0999_1.02	0	0.0115596	8.47322	1	9	ATTACTGTCAGTAAT	ATTAATTAC	+
WNWGCWNW	M6263_1.02	-3	0.011583	8.49037	0.997946	5	AATGCATT	GCTGTGATTT	+
NWVWKNMWBWN	M2390_1.02	-2	0.0115928	8.49753	0.648317	8	CACTGGCAGTG	CAGGAAGG	+
WNNWDNWNNWNHWNNW	M0216_1.02	0	0.0116303	8.52503	1	10	TGCAGCTATAGCTGCA	CGCAGCTGTG	+
WNNWNHDNNHDNWNNW	M4567_1.02	-1	0.0116501	8.53952	1	15	TTCTGTTTAAACAGAA	GCAAAGTAAACATAG	+
HDNWNNNNNNNNWNHD	M6257_1.02	1	0.0116638	8.54955	0.327319	16	ATCTAATATATTAGAT	TAAGAGATAACTTAGAT	+
WNHHWBHNDVWDDNW	M6419_1.02	-6	0.0116838	8.56425	1	9	TGAATGATTCATTCA	CATCAATCAAGCT	+
NNTKMANN	M0901_1.02	1	0.0116864	8.56614	0.866061	7	ATTGCAAT	CTTGTCAA	+
DVWNDNHNDNHNWBH	M6412_1.02	4	0.0116965	8.57353	0.854608	11	TCATTCATTGAATGA	CCCATCAATCAAATT	+
DCWDNNNNHWGH	M5460_1.02	-3	0.0117479	8.6112	0.543866	7	TCTGTATACAGA	GTAAACA	+
DNWKNMWNH	M1970_1.02	-2	0.011756	8.61718	0.999971	6	ACTGGCAGT	TGCCAA	+
NWNNMWKNMWKNNWN	M0633_1.02	-6	0.011758	8.61863	0.956741	9	ATTACTGTCAGTAAT	TAATGTATTA	+
NWNHHDNHDNHDDNWN	M1868_1.02	-1	0.0117712	8.62829	1	14	ATGATTCATGAATCAT	ACAGATAAGAATCT	+
NHTGCADN	M5689_1.02	2	0.011781	8.63551	0.683061	8	TTTGCAAA	AATTTGCTGAC	+
DNHDNHWDHWDNHDNH	M5292_1.02	-3	0.0117891	8.64141	0.613575	13	TAATTCTGCAGAATTA	GGATGATGCAATA	+
NWNHHDNHDNHDDNWN	M4665_1.02	-2	0.0117917	8.64335	1	14	CTGATTCATGAATCAG	CAGATAAGAATCTGT	+
NWNNHDNHDNHDNNWN	M6115_1.02	1	0.0118096	8.6564	1	14	CTGCATCATGATGCAG	CATGTCTGGGCATGT	+
NWNNHDNHDNHDNNWN	M6037_1.02	-1	0.0118099	8.65662	1	12	TTGCATCATGATGCAA	TTTGTCATGTAG	+
NNTKMANN	M1925_1.02	3	0.0118153	8.66061	0.866061	8	ATTGCAAT	TATTGTGCAAT	+
DNWDNHDNNHDNHWNH	M5689_1.02	-6	0.0118316	8.6726	0.866861	10	TCTGAATGCATTCAGA	AATTTGCTGAC	+
DNHDNNWDHWNNHDNH	M5735_1.02	-1	0.0118454	8.68267	1	13	TCAATCAGCTGATTGA	AAATTAGCATAAT	+
WNNCWGNNW	M6496_1.02	2	0.0118712	8.70157	1	9	TTTCTGAAA	TTTCCCAGAAAAG	+
NWNHNDNHDNHNDNWN	M1605_1.02	-3	0.0118805	8.70844	1	10	CTGTATGATCATACAG	ATTCATCTTT	+
NWNHNDNHDNHNDNWN	M0632_1.02	1	0.0118805	8.70844	1	9	CTGTATGATCATACAG	AATGTATCAA	+
DNWDNHDNNHDNHWNH	M0630_1.02	-1	0.0119259	8.74169	1	10	ACTTCATGCATGAAGT	AATGTATCAA	+
DCWDNNNNHWGH	M0632_1.02	0	0.0119485	8.75822	0.543866	10	TCTGTATACAGA	AATGTATCAA	+
NWNHNDNHDNHNDNWN	M4572_1.02	2	0.0119514	8.7604	1	13	CTGTATGATCATACAG	TGCTGACTCAGCAAA	+
NWNNHDNHDNHDNNWN	M0714_1.02	-4	0.0119762	8.77852	1	10	TTGCATCATGATGCAA	AACCGGAAGT	+
MWGNNHDNNCWK	M6329_1.02	2	0.0120056	8.80011	0.266498	11	CTGTAATTACAG	AAAATTAATTAAT	+
MWGNNHDNNCWK	M5941_1.02	3	0.0120056	8.80011	0.266498	10	CTGTAATTACAG	CTAATTTAATTAG	+
NWNNMWKNMWKNNWN	M5740_1.02	3	0.0120457	8.82948	1	11	ATTACTGTCAGTAAT	ATGAATAATTAATG	+
HNNWNHWNNWDNWNND	M6508_1.02	-4	0.0120533	8.83504	1	12	TTCAGATGCATCTGAA	GATATTTCTGCTCTA	+
NWBHNDNNNHNDVWN	M6301_1.02	-4	0.012071	8.84807	0.481263	10	CTGAATTTAATTCAG	AATTAAAGCA	+
NDVWKNMWBHN	M6436_1.02	0	0.0120977	8.86764	0.805779	11	TACTGGCAGTA	TACAGACTGTTCT	+
NWNNMWKNMWKNNWN	M6331_1.02	-2	0.0120995	8.8689	1	9	ATTACTGTCAGTAAT	TGCTGACGG	+
DNHNNNWDHWNNNDNH	M5689_1.02	-2	0.0121107	8.87715	0.99817	11	TATTTCTGCAGAAATA	AATTTGCTGAC	+
NYTGCARN	M5738_1.02	1	0.0121577	8.91162	0.935119	8	ATTGCAAT	ATTTGCATA	+
NWNNWDNNNNHWNNWN	M5689_1.02	-7	0.0121786	8.92694	0.639963	9	CTGCTGTATACAGCAG	AATTTGCTGAC	+
DVWNNNWNNWNNNWBH	M6299_1.02	0	0.012203	8.94481	0.742658	15	TCTGTATTAATACAGA	AAAGTAATAAATCAT	+
DCWDNNNNHWGH	M5973_1.02	6	0.0122132	8.95226	1	12	TCTGGTACCAGA	AGGTGTTCTGTTAACACT	+
NHTGCADN	M4572_1.02	7	0.0122205	8.9576	0.683061	8	TTTGCAAA	TGCTGACTCAGCAAA	+
DVWGNCWBH	M4463_1.02	8	0.0122363	8.96917	1	9	ACTGTCAGT	AATGTGGAAATGAGTCAG	+
WNWGCWNW	M5935_1.02	2	0.0122531	8.98152	0.997946	8	AATGCATT	TGACAGCTGTCA	+
HWKHHHDDDMWD	M0424_1.02	-4	0.0122974	9.01401	0.299732	8	CTGTAATTACAG	TTTGACAGCT	+
NWNNWDNHDNHWNNWN	M6426_1.02	-6	0.0123265	9.0353	1	10	CAGCTTCATGAAGCTG	CATAAATAAT	+
NWBHHWNNNWDDVWN	M6425_1.02	1	0.0123327	9.03985	0.791795	13	ATGAATTTAATTCAT	TTTGCATTACAATG	+
NHDDVWDNHWBHHDN	M6429_1.02	-4	0.0123338	9.04067	1	11	CATACAGTCTGTATG	CATAATTTATGCA	+
MWKNNMWK	M5711_1.02	2	0.0123551	9.05628	1	8	CTGGCCAG	TGCAGTCATGCGTGACG	+
DNHDNNWNNWNNHDNH	M6289_1.02	0	0.0123768	9.0722	0.878261	12	TCATTCTGCAGAATGA	TCATAAATTATC	+
HNNWNHWNNWDNWNND	M6330_1.02	1	0.0123796	9.07424	1	16	TTCAGATGCATCTGAA	GTGCTGACCCCGCAGCCTTCG	+
NWNNNWKNMWNNNWN	M6455_1.02	0	0.0124122	9.09818	1	13	ATTACAGTCTGTAAT	CTGACCTACTTTT	+
VWDKSMHWB	M1583_1.02	2	0.0124148	9.10008	0.994739	6	CATTGAATG	TTCATTGA	+
DNWDDNWNWNHHWNH	M2307_1.02	-2	0.0124178	9.10225	0.908559	13	TCATTCAGTGAATGA	AGAAAGTGAAAGTGA	+
DNHNDSHNDSHNDNH	M6269_1.02	-2	0.0124715	9.14163	0.91249	9	TCATTCATTGAATGA	ATTCATTGA	+
HDNHWDNHDNHWDNHD	M6378_1.02	-3	0.012475	9.14421	0.758533	13	ATGATGCATGCATCAT	AATAAGTATATAA	+
HWNHNDNHDNHNDNWD	M1868_1.02	-1	0.012479	9.14713	1	14	CTGTATCATGATACAG	ACAGATAAGAATCT	+
DDCWNWNWGHH	M5838_1.02	7	0.0124812	9.14871	1	9	TGCAGTCTGCA	AACAATGTGCAGTGTT	+
NMWGNCWKN	M6263_1.02	0	0.0124862	9.15242	1	9	ACTGTCAGT	GCTGTGATTT	+
DNWKNMWNH	M1970_1.02	-2	0.0125048	9.16602	0.999992	6	TCTGGCAGA	TGCCAA	+
DCWDDNNHHWGH	M5605_1.02	-4	0.012506	9.16688	0.99817	8	TCAGTTAACTGA	TTAATTAA	+
NWVWKNMWBWN	M6226_1.02	-2	0.0125168	9.17481	0.648317	9	CACTGGCAGTG	CAGGAAATAA	+
DNWDNHDNNHDNHWNH	M6412_1.02	1	0.0125528	9.20117	0.95662	14	ACTGAATGCATTCAGT	CCCATCAATCAAATT	+
NWBHNDNNNHNDVWN	M5551_1.02	-4	0.0125606	9.2069	0.481263	9	CTGAATTTAATTCAG	TTTTATTAC	+
HWKHHHDDDMWD	M6438_1.02	0	0.0125624	9.20825	0.299732	12	CTGTAATTACAG	GAGTAATTAATATAA	+
NWNNNWDNHWNNNWN	M6332_1.02	-5	0.0125645	9.20976	1	8	CTGACATGATGTCAG	TTGCTGAC	+
MWKNNMWK	M6465_1.02	4	0.012577	9.21897	1	6	CTGGCCAG	GTGTCTGGCC	+
NWNNNDNHDNHNNNWN	M6417_1.02	1	0.0126348	9.26129	0.984211	12	ATTTATGTACATAAAT	ATATATTCATGAG	+
NWNNHWKNMWDNNWN	M5287_1.02	-1	0.0126399	9.26505	0.640645	13	ATTACTGTCAGTAAT	CTAATTAAATTAA	+
NWNNHWKNMWDNNWN	M5743_1.02	-1	0.0126454	9.26907	0.640645	14	ATTACTGTCAGTAAT	ATGCATAATTAATGAG	+
NWNNWDNHDNHWNNWN	M6289_1.02	-2	0.0126567	9.27737	1	12	CTGCTGCATGCAGCAG	TCATAAATTATC	+
DNHDNHWDHWDNHDNH	M6355_1.02	1	0.0126575	9.27798	0.614855	12	TAATTCTGCAGAATTA	TGACAGCTGCTGC	+
NWDNHWKNMWDNHWN	M5291_1.02	-1	0.0126693	9.28659	1	13	CTGACAGTCTGTCAG	TTAATTTAATTAA	+
NWDNHWKNMWDNHWN	M6223_1.02	-2	0.0126693	9.28659	1	13	CTGACAGTCTGTCAG	GACAGGAAGTAAC	+
DNWDNHDNNHDNHWNH	M5689_1.02	-6	0.0126742	9.29019	1	10	ACTTCATGCATGAAGT	AATTTGCTGAC	+
WVMHDKBW	M4527_1.02	14	0.0126876	9.29999	1	7	AGAATTCT	GGACTACAACTCCCAGCAGGC	+
NWBHNDNNNHNDVWN	M5343_1.02	-5	0.0126931	9.30408	0.481263	8	CTGAATTTAATTCAG	ATAATTAC	+
WNNWNWDNNHWNWNNW	M6378_1.02	-6	0.0126995	9.30871	1	10	TACTCATATATGAGTA	AATAAGTATATAA	+
DNWNNNWDHWNNNWNH	M6426_1.02	-1	0.0127211	9.3246	0.712149	10	TCTGAATGCATTCAGA	CATAAATAAT	+
NWVWKNMWBWN	M6263_1.02	-5	0.0127213	9.32469	1	6	CACTGGCAGTG	GCTGTGATTT	+
NWNNWDNNNNHWNNWN	M6114_1.02	-2	0.0127232	9.32609	0.639963	10	CTGCTGTATACAGCAG	AAAGCAAACA	+
NWBHNDNNNHNDVWN	M6290_1.02	-2	0.0127395	9.33806	0.481263	11	CTGAATTTAATTCAG	CCAATAAAACC	+
NWNNHDNHDNHDNNWN	M0714_1.02	-4	0.0127437	9.34117	0.775938	10	ATGTATCATGATACAT	AACCGGAAGT	+
NWBHNDNNNHNDVWN	M6412_1.02	3	0.0127482	9.34444	0.481263	12	CTGAATTTAATTCAG	CCCATCAATCAAATT	+
DNWKNMWNH	M0442_1.02	-1	0.0128012	9.38331	0.999992	8	TCTGGCAGA	AATGCAGTG	+
NHWGWCWDN	M6344_1.02	5	0.0128078	9.38811	1	8	AATGTCATT	TGACAGCTGTCAA	+
MWGNNHDNNCWK	M5715_1.02	2	0.0128546	9.42242	0.26897	9	CTGTAATTACAG	TAATTTAATTA	+
HNNWNHWNNWDNWNND	M4572_1.02	0	0.0128636	9.42902	1	15	TTCAGATGCATCTGAA	TGCTGACTCAGCAAA	+
NWBHHWNNNWDDVWN	M1027_1.02	-5	0.0128835	9.44361	0.791795	9	ATGAATTTAATTCAT	TTAATTACC	+
DNWKNMWNH	M6222_1.02	-1	0.0128881	9.44696	0.999992	8	TCTGGCAGA	CAGGAAGT	+
DNHDNNWNNWNNHDNH	M5740_1.02	-5	0.0129107	9.46357	0.878261	11	TCATTCTGCAGAATGA	ATGAATAATTAATG	+
NWNNNWKNMWNNNWN	M6299_1.02	-3	0.0129879	9.52012	0.934736	12	CTTACAGTCTGTAAG	AAAGTAATAAATCAT	+
DNWKNMWNH	M0442_1.02	-1	0.0130146	9.53972	0.999971	8	ACTGGCAGT	AATGCAGTG	+
NWNNNWKNMWNNNWN	M0633_1.02	-6	0.0130441	9.56136	1	9	ATTACTGTCAGTAAT	TAATGTATTA	+
NHDNVWDNHWBNHDN	M6332_1.02	-1	0.0130725	9.58213	1	8	ATTACTGTCAGTAAT	TTGCTGAC	+
DNWDNHDNNHDNHWNH	M0633_1.02	-3	0.0130747	9.58374	0.95662	10	ACTGAATGCATTCAGT	TAATGTATTA	+
NWNNHDNHDNHDNNWN	M0632_1.02	-6	0.0130847	9.5911	1	10	TTGCATCATGATGCAA	AATGTATCAA	+
DNHDNNWNNWNNHDNH	M0632_1.02	-4	0.0131104	9.60995	0.878261	10	TCATTCTGCAGAATGA	AATGTATCAA	+
DNHNNNWDHWNNNDNH	M6147_1.02	-2	0.0131147	9.61306	0.99817	14	TATTTCTGCAGAAATA	TTTAATTTGATTTCGATTAATT	+
NWNNHWKNMWDNNWN	M5715_1.02	-2	0.0131263	9.62161	0.640645	11	ATTACTGTCAGTAAT	TAATTTAATTA	+
DNWDNHWDHWDNHWNH	M0633_1.02	-3	0.0131733	9.65606	0.940315	10	ACTTACTGCAGTAAGT	TAATGTATTA	+
DNWDNHWDHWDNHWNH	M5636_1.02	-3	0.0131733	9.65606	0.940315	10	ACTTACTGCAGTAAGT	AACAGCTGTT	+
DNHDNHWDHWDNHDNH	M5636_1.02	-3	0.0131806	9.66136	1	10	TGATGCAGCTGCATCA	AACAGCTGTT	+
DNWNNNWDHWNNNWNH	M6296_1.02	1	0.0131945	9.67156	0.712149	12	TCTGAATGCATTCAGA	TTCATCAATCATT	+
NMWGNCWKN	M5825_1.02	3	0.0132051	9.67933	1	9	ACTGTCAGT	AACACTACCATTGTT	+
NWNNWNHNNDNWNNWN	M6378_1.02	0	0.0132183	9.689	1	13	CAGCAGATATCTGCTG	AATAAGTATATAA	+
DCWDNHWGH	M2277_1.02	0	0.0132472	9.71016	1	9	ACAGTCTGT	ACAGGAAGTGG	+
DVWNNNWNNWNNNWBH	M0737_1.02	-4	0.0132794	9.7338	0.744587	10	TCTGTATTAATACAGA	TATGTAAACA	+
NWNNMWDNHWKNNWN	M5291_1.02	-1	0.0132809	9.73493	1	13	ATTACAGTCTGTAAT	TTAATTTAATTAA	+
NWBHHWNNNWDDVWN	M0104_1.02	-3	0.0133176	9.76181	0.791795	11	ATGAATTTAATTCAT	ATATTAATTAA	+
HWKHHHDDDMWD	M2306_1.02	-1	0.0133442	9.78132	0.299732	11	CTGTAATTACAG	TTCATTTGCATAT	+
NWVWKNMWBWN	M6376_1.02	-4	0.013353	9.78775	0.648317	7	CACTGGCAGTG	TCAAGTG	+
DNHDNHWNNWDNHDNH	M6131_1.02	-1	0.0133629	9.79501	1	15	TCTAGATGCATCTAGA	CCGGTTCAAACCGGTTCTGGC	+
NWNNNWKNMWNNNWN	M6331_1.02	-6	0.0134105	9.82992	1	9	CTGACTTGAAGTCAG	TGCTGACGG	+
NWNNHDNHDNHDNNWN	M1929_1.02	1	0.0134491	9.85821	1	14	CTGCATGTACATGCAG	CATGTCTGGGCATGT	+
NWNNHWKNMWDNNWN	M0104_1.02	-3	0.0134762	9.87807	0.978751	11	ATTACAGTCTGTAAT	ATATTAATTAA	+
WDNMWNNWKNHW	M1581_1.02	-2	0.0134858	9.88507	0.548695	10	TGACAGCTGTCA	TTTGCTGACT	+
NWDNMWBNVWKNHWN	M6331_1.02	-2	0.0134999	9.8954	0.999541	9	CTTACAGTCTGTAAG	TGCTGACGG	+
NWNNHWKNMWDNNWN	M6429_1.02	-4	0.0135016	9.89669	0.640645	11	ATTACTGTCAGTAAT	CATAATTTATGCA	+
NDBHNDBWVHNDVHN	M2307_1.02	-1	0.0135417	9.92609	0.992153	14	ATGAATCTGATTCAT	AGAAAGTGAAAGTGA	+
HWKHHHDDDMWD	M5729_1.02	-4	0.0135434	9.9273	0.299732	8	CTGTAATTACAG	ATTTGCATA	+
HWKHHHDDDMWD	M5744_1.02	-4	0.0135434	9.9273	0.299732	8	CTGTAATTACAG	ATTTGCATA	+
NWNNWDNNNNHWNNWN	M5460_1.02	-5	0.0135483	9.93092	0.639963	7	CTGCTGTATACAGCAG	GTAAACA	+
NWDNHWKNMWDNHWN	M6429_1.02	-4	0.0135563	9.9368	1	11	CTGACAGTCTGTCAG	CATAATTTATGCA	+
NWNNNDNHDNHNNNWN	M5445_1.02	-1	0.0135861	9.95864	0.984211	14	ATTTATGTACATAAAT	AGTAAATATTTTTT	+
NWDNMWBNVWKNHWN	M0633_1.02	-6	0.0135876	9.95973	0.999541	9	CTTACAGTCTGTAAG	TAATGTATTA	+
NWDNMWBNVWKNHWN	M6455_1.02	0	0.0135906	9.96194	0.999541	13	CTTACAGTCTGTAAG	CTGACCTACTTTT	+
NNTKMANN	M2306_1.02	4	0.0135987	9.96783	0.906166	8	ATTGCAAT	TTCATTTGCATAT	+
HNHWGNCWDND	M0887_1.02	2	0.0136011	9.96959	0.886524	7	TACTGTCAGTA	CCTAATGAG	+
MWGNNHDNNCWK	M5502_1.02	-1	0.0136037	9.97151	0.26897	10	CTGTAATTACAG	TTTAATTAGG	+
WDNMWNNWKNHW	M2296_1.02	3	0.013618	9.98201	0.548695	12	TGACAGCTGTCA	CTGAGTCAGCAATTT	+
DNHWNHWNNWDNWDNH	M4635_1.02	-1	0.0136201	9.98356	1	15	TGATGTAGCTACATCA	GAAAATGAAACTGAA	+
DNWDNHDNNHDNHWNH	M2321_1.02	2	0.0136314	9.99183	0.999541	16	TCATGATGCATCATGA	AGACATGCCCAGACATGCCC	+
NWNNWNHNNDNWNNWN	M6258_1.02	-3	0.0136314	9.99185	1	7	CAGCAGATATCTGCTG	AAGATAA	+
NWVHDNNWNNHDBWN	M6429_1.02	-2	0.0136347	9.99422	1	13	TTCATACTGTATGAA	CATAATTTATGCA	+
NWNNWDNHDNHWNNWN	M6298_1.02	-5	0.0136409	9.99875	1	11	CTGCTGCATGCAGCAG	GCATTAATCAA	+
NWNNWDNHDNHWNNWN	M0629_1.02	-6	0.0136409	9.99875	1	10	CTGCTGCATGCAGCAG	AATGTATCAAT	+