HVWGCWBD	M256_0.6	1	0.0701997	6.87957	1	5	ACAGCTGT	CAGTGC	+
HVWGCWBD	M037_0.6	-2	0.0821617	8.05184	1	6	ACAGCTGT	AGCTTGC	+
HVWGCWBD	M047_0.6	-1	0.0987482	9.67732	1	7	ACAGCTGT	GAGTAGA	+
HVWGCWBD	M231_0.6	-2	0.0987482	9.67732	1	6	ACAGCTGT	AGCATGC	+
DBMWNNNNNNNNWKVH	M234_0.6	-1	0.0238887	2.34109	1	7	TGCTGTTATAACAGCA	GATGATT	+
DBMWNNNNNNNNWKVH	M081_0.6	-9	0.0405831	3.97714	1	7	TGCTGTTATAACAGCA	AACATCA	+
DBMWNNNNNNNNWKVH	M111_0.6	-9	0.0703278	6.89213	1	7	TGCTGTTATAACAGCA	AACATCA	+
DBMWNNNNNNNNWKVH	M082_0.6	-9	0.0829003	8.12423	1	7	TGCTGTTATAACAGCA	AACAACA	+
BHWGDNNHCWDV	M068_0.6	-5	0.0628014	6.15454	0.999991	7	CCTGAGCTCAGG	GATCAAG	+
BHWGDNNHCWDV	M256_0.6	-1	0.0664712	6.51418	0.999991	6	CCTGAGCTCAGG	CAGTGC	+
NWNNHWKNMWDNNWN	M140_0.6	-8	0.0222494	2.18044	1	7	CTGACAGGCTGTCAG	CAGACAG	+
NWNNHWKNMWDNNWN	M161_0.6	-4	0.0344884	3.37986	1	7	CTGACAGGCTGTCAG	AATCCAG	+
NWNNHWKNMWDNNWN	M021_0.6	-5	0.0791165	7.75342	1	7	CTGACAGGCTGTCAG	AGGATGA	+
NWNNHWKNMWDNNWN	M037_0.6	-1	0.0920469	9.0206	1	7	CTGACAGGCTGTCAG	AGCTTGC	+
NWNNHWKNMWDNNWN	M231_0.6	-1	0.0920469	9.0206	1	7	CTGACAGGCTGTCAG	AGCATGC	+
NMWGNNNNCWKN	M085_0.6	-3	0.00300177	0.294174	0.292635	8	CCTGAATTCAGG	GAATTAAG	+
NMWGNNNNCWKN	M161_0.6	-4	0.0165904	1.62586	0.808679	7	CCTGAATTCAGG	AATCCAG	+
NMWGNNNNCWKN	M242_0.6	-1	0.0876431	8.58902	0.99477	7	CCTGAATTCAGG	CCAAATT	+
NWSHWNNNNNNWDSWN	M234_0.6	-2	0.0064144	0.628612	0.628482	7	CTGCTGTTAACAGCAG	GATGATT	+
NWSHWNNNNNNWDSWN	M081_0.6	-8	0.0591477	5.79648	0.999794	7	CTGCTGTTAACAGCAG	AACATCA	+
NWSHWNNNNNNWDSWN	M082_0.6	-8	0.0697002	6.83062	0.999794	7	CTGCTGTTAACAGCAG	AACAACA	+
NWSHWNNNNNNWDSWN	M111_0.6	-8	0.0951152	9.32129	0.999794	7	CTGCTGTTAACAGCAG	AACATCA	+
NWSHWNNNNNNWDSWN	M147_0.6	2	0.0951152	9.32129	0.999794	5	CTGCTGTTAACAGCAG	GACAGAT	+
NHWGNCWDN	M051_0.6	-2	0.0223638	2.19165	1	7	CATGTCATG	ATACATT	+
NHWGNCWDN	M140_0.6	-1	0.0528309	5.17743	1	7	CATGTCATG	CAGACAG	+
NHWGNCWDN	M148_0.6	1	0.0719554	7.05163	1	6	CATGTCATG	AGAAGAC	+
NHWGNCWDN	M152_0.6	0	0.0944273	9.25387	1	8	CATGTCATG	AATGACAA	+
NNHDSHNNNNDSHDNN	M159_0.6	-6	0.0036682	0.359484	0.29152	7	TGATCATGCATGATCA	TGCATGC	+
NNHDSHNNNNDSHDNN	M234_0.6	-1	0.00807976	0.791817	0.29152	7	TGATCATGCATGATCA	GATGATT	+
NNHDSHNNNNDSHDNN	M231_0.6	-2	0.00911383	0.893156	0.29152	7	TGATCATGCATGATCA	AGCATGC	+
NNHDSHNNNNDSHDNN	M068_0.6	-1	0.0162122	1.5888	0.388929	7	TGATCATGCATGATCA	GATCAAG	+
NNHDSHNNNNDSHDNN	M036_0.6	-1	0.0660934	6.47716	0.867431	7	TGATCATGCATGATCA	AATCTTG	+
NNHDSHNNNNDSHDNN	M074_0.6	-6	0.0677669	6.64115	0.867431	8	TGATCATGCATGATCA	TGAATGAG	+
NNHDSHNNNNDSHDNN	M037_0.6	-2	0.0723164	7.08701	0.867431	7	TGATCATGCATGATCA	AGCTTGC	+
NNHDSHNNNNDSHDNN	M082_0.6	-9	0.0723164	7.08701	0.867431	7	TGATCATGCATGATCA	AACAACA	+
CWKDNHMWG	M256_0.6	0	0.0027984	0.274243	0.272809	6	CAGGGCCTG	CAGTGC	+
CWKDNHMWG	M061_0.6	1	0.052384	5.13363	0.99477	6	CAGGGCCTG	GCTGGAC	+
CWKDNHMWG	M188_0.6	0	0.054026	5.29455	0.99477	8	CAGGGCCTG	CTTTCCCT	+
NNHDNVWNNWBNHDNN	M234_0.6	-7	0.0383974	3.76295	0.999999	7	TGCAGCAGCTGCTGCA	GATGATT	+
NSWKDNHMWSN	M016_0.6	-3	0.0494874	4.84976	1	7	TCAGGTCCTGA	GGACAAG	+
NSWKDNHMWSN	M068_0.6	2	0.0890042	8.72241	1	5	TCAGGTCCTGA	GATCAAG	+
NSWKDNHMWSN	M344_0.6	-6	0.0956587	9.37456	1	4	TCAGGTCCTGA	CCAG	+
WNWGCWNW	M147_0.6	1	0.0505599	4.95487	0.999999	6	ACAGCTGT	GACAGAT	+
WNWGCWNW	M047_0.6	-1	0.0663344	6.50078	0.999999	7	ACAGCTGT	GAGTAGA	+
WNWGCWNW	M136_0.6	0	0.084574	8.28826	0.999999	8	ACAGCTGT	ATTGCACA	+
NDNHNVWNNWBNDNHN	M083_0.6	-7	0.0581654	5.70021	1	7	CTGATCAGCTGATCAG	GCAGCGC	+
NDNHNVWNNWBNDNHN	M070_0.6	-6	0.0684784	6.71089	1	8	CTGATCAGCTGATCAG	AGGAGAGG	+
DSWDDNHHWSH	M256_0.6	-1	0.00405431	0.397323	0.395245	6	TCAGGGCCTGA	CAGTGC	+
DSWDDNHHWSH	M147_0.6	-5	0.0472147	4.62704	0.994756	6	TCAGGGCCTGA	GACAGAT	+
DSWDDNHHWSH	M159_0.6	-4	0.055404	5.4296	0.994756	7	TCAGGGCCTGA	TGCATGC	+
DSWDDNHHWSH	M074_0.6	-4	0.0674495	6.61005	0.994756	7	TCAGGGCCTGA	TGAATGAG	+
DSWDDNHHWSH	M188_0.6	-1	0.0959493	9.40303	0.994756	8	TCAGGGCCTGA	CTTTCCCT	+
DSWDDNHHWSH	M231_0.6	-4	0.0994794	9.74899	0.994756	7	TCAGGGCCTGA	AGCATGC	+
NWBNHNDSHNDNVWN	M037_0.6	-6	0.00606122	0.593999	0.40833	7	CTGCAATGATTGCAG	AGCTTGC	+
NWBNHNDSHNDNVWN	M159_0.6	-6	0.00881528	0.863897	0.40833	7	CTGCAATGATTGCAG	TGCATGC	+
NWBNHNDSHNDNVWN	M231_0.6	-6	0.0127012	1.24472	0.40833	7	CTGCAATGATTGCAG	AGCATGC	+
NWBNHNDSHNDNVWN	M256_0.6	-3	0.0321491	3.15061	0.715678	6	CTGCAATGATTGCAG	CAGTGC	+
NWBNHNDSHNDNVWN	M085_0.6	-7	0.0445227	4.36322	0.715678	8	CTGCAATGATTGCAG	GAATTAAG	+
NWBNHNDSHNDNVWN	M136_0.6	-8	0.0445227	4.36322	0.715678	7	CTGCAATGATTGCAG	ATTGCACA	+
NDNSHNDSHNDSNHN	M256_0.6	-3	0.00131777	0.129141	0.125053	6	CTGCAGTGACTGCAG	CAGTGC	+
NDNSHNDSHNDSNHN	M159_0.6	-6	0.00433952	0.425273	0.205906	7	CTGCAGTGACTGCAG	TGCATGC	+
NDNSHNDSHNDSNHN	M231_0.6	-6	0.00680382	0.666775	0.215223	7	CTGCAGTGACTGCAG	AGCATGC	+
NDNSHNDSHNDSNHN	M147_0.6	-7	0.0117394	1.15046	0.27851	7	CTGCAGTGACTGCAG	GACAGAT	+
NDNSHNDSHNDSNHN	M037_0.6	-1	0.0170084	1.66683	0.322813	7	CTGCAGTGACTGCAG	AGCTTGC	+
NDNSHNDSHNDSNHN	M085_0.6	-7	0.0862513	8.45263	0.968347	8	CTGCAGTGACTGCAG	GAATTAAG	+
DNHVWGCWBDNH	M256_0.6	-6	0.0203561	1.9949	1	6	TCACAGCTGTGA	CAGTGC	+
DNHVWGCWBDNH	M147_0.6	-1	0.0676453	6.62924	1	7	TCACAGCTGTGA	GACAGAT	+
NHNNNVWBVWBNNNDN	M061_0.6	-7	0.0852473	8.35424	1	7	CTGATCTGCAGATCAG	GCTGGAC	+
DNHDNNDNNHNNHDNH	M234_0.6	-1	0.0176751	1.73216	1	7	TCATGATGCATCATGA	GATGATT	+
DNHDNNDNNHNNHDNH	M036_0.6	-8	0.0274812	2.69315	1	7	TCATGATGCATCATGA	AATCTTG	+
DNHDNNDNNHNNHDNH	M159_0.6	-6	0.0356922	3.49783	1	7	TCATGATGCATCATGA	TGCATGC	+
DNHDNNDNNHNNHDNH	M231_0.6	-9	0.0463797	4.54521	1	7	TCATGATGCATCATGA	AGCATGC	+
DNHDNNDNNHNNHDNH	M068_0.6	-1	0.0998981	9.79001	1	7	TCATGATGCATCATGA	GATCAAG	+
CHDGNNNNCHDG	M068_0.6	-5	0.0192601	1.88749	1	7	CATGAGCTCATG	GATCAAG	+
DSHWNNNNNNNNWDSH	M234_0.6	-1	0.0043526	0.426555	0.424324	7	TGCTGACATGTCAGCA	GATGATT	+
DSHWNNNNNNNNWDSH	M082_0.6	-9	0.0434046	4.25365	0.99477	7	TGCTGACATGTCAGCA	AACAACA	+
DSHWNNNNNNNNWDSH	M081_0.6	-9	0.0571383	5.59955	0.99477	7	TGCTGACATGTCAGCA	AACATCA	+
DSHWNNNNNNNNWDSH	M148_0.6	0	0.0858899	8.41721	0.99477	7	TGCTGACATGTCAGCA	AGAAGAC	+
DSHWNNNNNNNNWDSH	M047_0.6	1	0.0858899	8.41721	0.99477	6	TGCTGACATGTCAGCA	GAGTAGA	+
NNHDDVHNNDBHHDNN	M234_0.6	-7	0.077021	7.54806	1	7	TGCAGCTGCAGCTGCA	GATGATT	+
NNNNCWGNNNN	M161_0.6	0	0.0292271	2.86425	1	7	AGGCCTGGCCT	AATCCAG	+
NNNNCWGNNNN	M344_0.6	-3	0.0570629	5.59217	1	4	AGGCCTGGCCT	CCAG	+
NNNNCWGNNNN	M061_0.6	-3	0.0851433	8.34405	1	7	AGGCCTGGCCT	GCTGGAC	+
NNNNCWGNNNN	M085_0.6	-6	0.0896834	8.78897	1	5	AGGCCTGGCCT	GAATTAAG	+
MWGNNCWK	M061_0.6	1	0.00628218	0.615653	0.615526	6	CTGGCCAG	GCTGGAC	+
MWGNNCWK	M344_0.6	-4	0.0761638	7.46406	0.999793	4	CTGGCCAG	CCAG	+
NDBHDVHNNDBHDVHN	M234_0.6	-10	0.0435237	4.26532	1	6	ATCATCAGCTGATGAT	GATGATT	+
NDBHDVHNNDBHDVHN	M083_0.6	-7	0.096268	9.43426	1	7	ATCATCAGCTGATGAT	GCAGCGC	+
NDBHDVHNNDBHDVHN	M070_0.6	-6	0.097652	9.5699	1	8	ATCATCAGCTGATGAT	AGGAGAGG	+
HWSHNDNNNHNDSWD	M234_0.6	1	0.0484158	4.74475	1	6	CTGCTACTGTAGCAG	GATGATT	+
HWSHNDNNNHNDSWD	M074_0.6	-7	0.0639779	6.26984	1	8	CTGCTACTGTAGCAG	TGAATGAG	+
HWSHNDNNNHNDSWD	M147_0.6	2	0.0890964	8.73145	1	5	CTGCTACTGTAGCAG	GACAGAT	+
HWSHNDNNNHNDSWD	M140_0.6	0	0.0981559	9.61928	1	7	CTGCTACTGTAGCAG	CAGACAG	+
VWGNNNNNNNNNCWB	M037_0.6	-6	0.0251723	2.46689	1	7	CTGCCATGATGGCAG	AGCTTGC	+
VWGNNNNNNNNNCWB	M231_0.6	-1	0.0511319	5.01093	1	7	CTGCCATGATGGCAG	AGCATGC	+
VWGNNNNNNNNNCWB	M159_0.6	-6	0.0562289	5.51043	1	7	CTGCCATGATGGCAG	TGCATGC	+
VWGNNNNNNNNNCWB	M052_0.6	-4	0.0617695	6.05341	1	7	CTGCCATGATGGCAG	AATCAAT	+
VWGNNNNNNNNNCWB	M085_0.6	-7	0.0894457	8.76568	1	8	CTGCCATGATGGCAG	GAATTAAG	+
NHNWKSMWNDN	M256_0.6	0	0.0818612	8.0224	1	6	CTCAGGCTGAG	CAGTGC	+
NHNWKSMWNDN	M074_0.6	-3	0.0915198	8.96894	1	8	CTCAGGCTGAG	TGAATGAG	+
NHNWKSMWNDN	M344_0.6	-5	0.0978793	9.59218	1	4	CTCAGGCTGAG	CCAG	+
NNCMKGNN	M082_0.6	0	0.0285715	2.80001	1	7	AACATGTT	AACAACA	+
NNCMKGNN	M081_0.6	0	0.0359516	3.52326	1	7	AACATGTT	AACATCA	+
NNCMKGNN	M111_0.6	0	0.0476214	4.6669	1	7	AACATGTT	AACATCA	+
NNCMKGNN	M036_0.6	1	0.0543486	5.32616	1	6	AACATGTT	AATCTTG	+
NNCMKGNN	M012_0.6	-2	0.0655985	6.42866	1	6	AACATGTT	CTTTTTT	+
NNCMKGNN	M328_0.6	0	0.0745166	7.30263	1	8	AACATGTT	ATCCTTTTTTTTCG	+
NNCMKGNN	M236_0.6	1	0.0945646	9.26733	1	6	AACATGTT	CAAAAAG	+
NNCMKGNN	M068_0.6	1	0.100332	9.83252	1	6	AACATGTT	GATCAAG	+
MWGNNCWK	M061_0.6	1	0.00303638	0.297566	0.296009	6	CAGGCCTG	GCTGGAC	+
MWGNNCWK	M344_0.6	-4	0.0853117	8.36054	0.99477	4	CAGGCCTG	CCAG	+
CWGDNHCWG	M016_0.6	-2	0.0180853	1.77236	0.957013	7	CTGGTCCAG	GGACAAG	+
CWGDNHCWG	M061_0.6	1	0.019539	1.91482	0.957013	6	CTGGTCCAG	GCTGGAC	+
CWGDNHCWG	M344_0.6	-5	0.0419453	4.11064	0.999583	4	CTGGTCCAG	CCAG	+
CWGDNHCWG	M068_0.6	-2	0.0639567	6.26776	0.999583	7	CTGGTCCAG	GATCAAG	+
NDBNHWKNMWDNVHN	M140_0.6	0	0.00248873	0.243896	0.24262	7	CTGACAGTCTGTCAG	CAGACAG	+
NDBNHWKNMWDNVHN	M147_0.6	-2	0.0421201	4.12777	0.99477	7	CTGACAGTCTGTCAG	GACAGAT	+
NDBNHWKNMWDNVHN	M051_0.6	-5	0.0892224	8.74379	0.99477	7	CTGACAGTCTGTCAG	ATACATT	+
NNNDNNCWGNNHNNN	M140_0.6	-2	0.00854892	0.837794	0.837621	7	GCATGACTGTCATGC	CAGACAG	+
NNNDNNCWGNNHNNN	M159_0.6	1	0.05729	5.61442	0.999794	6	GCATGACTGTCATGC	TGCATGC	+
NNNDNNCWGNNHNNN	M061_0.6	0	0.0616317	6.03991	0.999794	7	GCATGACTGTCATGC	GCTGGAC	+
NNNDNNCWGNNHNNN	M147_0.6	-4	0.0662557	6.49305	0.999794	7	GCATGACTGTCATGC	GACAGAT	+
NNNDNNCWGNNHNNN	M231_0.6	1	0.0821289	8.04863	0.999794	6	GCATGACTGTCATGC	AGCATGC	+
NNNDNNCWGNNHNNN	M228_0.6	-5	0.094559	9.26679	0.999794	7	GCATGACTGTCATGC	ACTTTCT	+
NNVWDNWNNWNHWBNN	M234_0.6	-7	0.0673337	6.5987	1	7	AGCTGCAGCTGCAGCT	GATGATT	+
NWKNHDSWSHDNMWN	M234_0.6	-8	0.0178241	1.74676	0.999999	7	CTGCATCTGATGCAG	GATGATT	+
NWKNHDSWSHDNMWN	M070_0.6	-4	0.0800861	7.84843	0.999999	8	CTGCATCTGATGCAG	AGGAGAGG	+
NWKNHDSWSHDNMWN	M159_0.6	-1	0.0968079	9.48717	0.999999	7	CTGCATCTGATGCAG	TGCATGC	+
NNNWKNMWKNMWNNN	M140_0.6	-2	0.00696274	0.682348	0.682207	7	GACTGCCTGGCAGTC	CAGACAG	+
NNNWKNMWKNMWNNN	M161_0.6	-2	0.06943	6.80414	0.999475	7	GACTGCCTGGCAGTC	AATCCAG	+
NNNWKNMWKNMWNNN	M051_0.6	-3	0.0858466	8.41297	0.999475	7	GACTGCCTGGCAGTC	ATACATT	+
NNNWKNMWKNMWNNN	M061_0.6	-9	0.0858466	8.41297	0.999475	6	GACTGCCTGGCAGTC	GCTGGAC	+
NNMWGNCWKNN	M068_0.6	2	0.0261028	2.55807	1	5	TCATGTCATGA	GATCAAG	+
NNMWGNCWKNN	M148_0.6	0	0.0489942	4.80143	1	7	TCATGTCATGA	AGAAGAC	+
NNMWGNCWKNN	M081_0.6	-4	0.0791354	7.75527	1	7	TCATGTCATGA	AACATCA	+
NNMWGNCWKNN	M111_0.6	-4	0.0791354	7.75527	1	7	TCATGTCATGA	AACATCA	+
NNMWGNCWKNN	M161_0.6	2	0.0844987	8.28087	1	5	TCATGTCATGA	AATCCAG	+
HVWGCWBD	M231_0.6	-2	0.0774726	7.59232	0.999975	6	ACTGCAGT	AGCATGC	+
HVWGCWBD	M037_0.6	-2	0.0826546	8.10015	0.999975	6	ACTGCAGT	AGCTTGC	+
HVWGCWBD	M159_0.6	-2	0.0881607	8.63974	0.999975	6	ACTGCAGT	TGCATGC	+
HVWGCWBD	M161_0.6	0	0.0939604	9.20812	0.999975	7	ACTGCAGT	AATCCAG	+
HVWGCWBD	M147_0.6	1	0.0939604	9.20812	0.999975	6	ACTGCAGT	GACAGAT	+
CWKKNMMWG	M016_0.6	-2	0.0120023	1.17623	1	7	CAGGTCCTG	GGACAAG	+
CWKKNMMWG	M061_0.6	1	0.0219262	2.14876	1	6	CAGGTCCTG	GCTGGAC	+
CWKKNMMWG	M344_0.6	-5	0.0530369	5.19762	1	4	CAGGTCCTG	CCAG	+
CWKKNMMWG	M020_0.6	-2	0.0793022	7.77162	1	7	CAGGTCCTG	GGACGGG	+
CWKKNMMWG	M068_0.6	-2	0.0994189	9.74305	1	7	CAGGTCCTG	GATCAAG	+
NWNNHNNHDNNDNNWN	M159_0.6	-1	0.0275559	2.70048	1	7	CAGCTTCATGAAGCTG	TGCATGC	+
NWNNHNNHDNNDNNWN	M231_0.6	-1	0.0275559	2.70048	1	7	CAGCTTCATGAAGCTG	AGCATGC	+
NWNNHNNHDNNDNNWN	M068_0.6	-6	0.038859	3.80818	1	7	CAGCTTCATGAAGCTG	GATCAAG	+
NWNNHNNHDNNDNNWN	M037_0.6	-1	0.0480157	4.70554	1	7	CAGCTTCATGAAGCTG	AGCTTGC	+
NWNNHNNHDNNDNNWN	M234_0.6	-6	0.0713753	6.99478	1	7	CAGCTTCATGAAGCTG	GATGATT	+
NWNNHNNHDNNDNNWN	M036_0.6	0	0.0949354	9.30367	1	7	CAGCTTCATGAAGCTG	AATCTTG	+
NWSHNDNNNHNDSWN	M140_0.6	0	0.00976977	0.957437	0.95724	7	CTGACAGTCTGTCAG	CAGACAG	+
NWSHNDNNNHNDSWN	M051_0.6	-5	0.095248	9.3343	0.999794	7	CTGACAGTCTGTCAG	ATACATT	+
DNHDVHNNNNDBHDNH	M234_0.6	-1	0.00228241	0.223676	0.222506	7	TGCTGATGCATCAGCA	GATGATT	+
DNHDVHNNNNDBHDNH	M082_0.6	-9	0.0445853	4.36936	0.99477	7	TGCTGATGCATCAGCA	AACAACA	+
DNHDVHNNNNDBHDNH	M159_0.6	-6	0.058719	5.75446	0.99477	7	TGCTGATGCATCAGCA	TGCATGC	+
DNHDVHNNNNDBHDNH	M036_0.6	-8	0.064176	6.28925	0.99477	7	TGCTGATGCATCAGCA	AATCTTG	+
DNHDVHNNNNDBHDNH	M081_0.6	-9	0.0700442	6.86433	0.99477	7	TGCTGATGCATCAGCA	AACATCA	+
DNHDVHNNNNDBHDNH	M074_0.6	-6	0.0956745	9.3761	0.99477	8	TGCTGATGCATCAGCA	TGAATGAG	+
NWBNDNHNNDNHNVWN	M081_0.6	-8	0.0791689	7.75856	0.999999	7	CTGATGAGCTCATCAG	AACATCA	+
NNNNCWGNNNN	M161_0.6	0	0.00395231	0.387327	0.385301	7	AATCCTGGATT	AATCCAG	+
NNNNCWGNNNN	M344_0.6	-3	0.0583338	5.71671	0.99477	4	AATCCTGGATT	CCAG	+
NNNNCWGNNNN	M061_0.6	-3	0.0712854	6.98597	0.99477	7	AATCCTGGATT	GCTGGAC	+
NNNNCWGNNNN	M068_0.6	0	0.0712854	6.98597	0.99477	7	AATCCTGGATT	GATCAAG	+
NNNNCWGNNNN	M245_0.6	4	0.0728223	7.13659	0.99477	11	AATCCTGGATT	CCGAAATCCCGAAGTAGG	+
NHVWKSMWBDN	M256_0.6	-6	0.0745699	7.30786	1	5	CACAGGCTGTG	CAGTGC	+
NHVWKSMWBDN	M344_0.6	-5	0.0876737	8.59202	1	4	CACAGGCTGTG	CCAG	+
CWGNNNNNCWG	M147_0.6	2	0.0368503	3.61133	1	5	CTGAATTTCAG	GACAGAT	+
CWGNNNNNCWG	M161_0.6	-4	0.0516316	5.05989	1	7	CTGAATTTCAG	AATCCAG	+
CWGNNNNNCWG	M162_0.6	-1	0.0816655	8.00322	1	7	CTGAATTTCAG	AGAAAAT	+
CWGDNHCWG	M016_0.6	-2	0.0231897	2.27259	1	7	CAGGTCCTG	GGACAAG	+
CWGDNHCWG	M061_0.6	1	0.0295038	2.89137	1	6	CAGGTCCTG	GCTGGAC	+
CWGDNHCWG	M344_0.6	-5	0.0529169	5.18586	1	4	CAGGTCCTG	CCAG	+
CWGDNHCWG	M068_0.6	-2	0.0627236	6.14692	1	7	CAGGTCCTG	GATCAAG	+
NDDMWNDNHNWKHHN	M256_0.6	-3	0.00298095	0.292133	0.290605	6	ATGCAGTGACTGCAT	CAGTGC	+
NDDMWNDNHNWKHHN	M147_0.6	-7	0.0305073	2.98972	0.994768	7	ATGCAGTGACTGCAT	GACAGAT	+
NDDMWNDNHNWKHHN	M159_0.6	-6	0.0357957	3.50798	0.994768	7	ATGCAGTGACTGCAT	TGCATGC	+
NDDMWNDNHNWKHHN	M231_0.6	-6	0.048832	4.78554	0.994768	7	ATGCAGTGACTGCAT	AGCATGC	+
NDDMWNDNHNWKHHN	M037_0.6	-1	0.0610674	5.9846	0.994768	7	ATGCAGTGACTGCAT	AGCTTGC	+
CWKDNHMWG	M256_0.6	0	0.00311343	0.305117	0.303521	6	CTGGGCCAG	CAGTGC	+
CWKDNHMWG	M061_0.6	1	0.0314198	3.07914	0.994769	6	CTGGGCCAG	GCTGGAC	+
CWKDNHMWG	M188_0.6	0	0.0419361	4.10974	0.994769	8	CTGGGCCAG	CTTTCCCT	+
CWKDNHMWG	M147_0.6	-4	0.0936461	9.17732	0.994769	5	CTGGGCCAG	GACAGAT	+
DNNNCWGNNNH	M016_0.6	-1	0.0124198	1.21714	0.999998	7	AGGCCTGGCCT	GGACAAG	+
DNNNCWGNNNH	M020_0.6	-1	0.0338495	3.31725	0.999998	7	AGGCCTGGCCT	GGACGGG	+
DNNNCWGNNNH	M061_0.6	-3	0.0338495	3.31725	0.999998	7	AGGCCTGGCCT	GCTGGAC	+
DNNNCWGNNNH	M177_0.6	-3	0.0636148	6.23425	0.999998	7	AGGCCTGGCCT	CCTTTCC	+
DNNNCWGNNNH	M070_0.6	0	0.0729391	7.14803	0.999998	8	AGGCCTGGCCT	AGGAGAGG	+
DNNNCWGNNNH	M256_0.6	-4	0.0908151	8.89988	0.999998	6	AGGCCTGGCCT	CAGTGC	+
HNNSHNDSHNDSNND	M159_0.6	-6	0.00228934	0.224355	0.176099	7	TGTCATTGAATGACA	TGCATGC	+
HNNSHNDSHNDSNND	M256_0.6	-3	0.00367028	0.359687	0.176099	6	TGTCATTGAATGACA	CAGTGC	+
HNNSHNDSHNDSNND	M231_0.6	-6	0.00581752	0.570117	0.186082	7	TGTCATTGAATGACA	AGCATGC	+
HNNSHNDSHNDSNND	M037_0.6	-1	0.0665292	6.51986	0.97918	7	TGTCATTGAATGACA	AGCTTGC	+
HNNSHNDSHNDSNND	M188_0.6	-3	0.0804323	7.88237	0.97918	8	TGTCATTGAATGACA	CTTTCCCT	+
HNNSHNDSHNDSNND	M147_0.6	-7	0.0849947	8.32948	0.97918	7	TGTCATTGAATGACA	GACAGAT	+
HNNSHNDSHNDSNND	M323_0.6	4	0.0866162	8.48839	0.97918	9	TGTCATTGAATGACA	GGAGAGTCATACC	+
HNNSHNDSHNDSNND	M074_0.6	-6	0.100492	9.84821	0.97918	8	TGTCATTGAATGACA	TGAATGAG	+
DNHNNDVHDBHNNDNH	M068_0.6	-3	0.0124579	1.22088	0.999992	7	TCAGATCATGATCTGA	GATCAAG	+
DNHNNDVHDBHNNDNH	M231_0.6	-4	0.0485829	4.76112	0.999992	7	TCAGATCATGATCTGA	AGCATGC	+
DNHNNDVHDBHNNDNH	M234_0.6	-3	0.0623979	6.11499	0.999992	7	TCAGATCATGATCTGA	GATGATT	+
DNHNNDVHDBHNNDNH	M081_0.6	-4	0.0792179	7.76336	0.999992	7	TCAGATCATGATCTGA	AACATCA	+
DNHNNDVHDBHNNDNH	M147_0.6	1	0.0923744	9.05269	0.999992	6	TCAGATCATGATCTGA	GACAGAT	+
DNHNNDVHDBHNNDNH	M159_0.6	-4	0.0996132	9.76209	0.999992	7	TCAGATCATGATCTGA	TGCATGC	+
WVWGCWBW	M256_0.6	1	0.0400738	3.92724	1	5	AAAGCTTT	CAGTGC	+
NHVWGNCWBDN	M074_0.6	-3	0.0297372	2.91424	1	8	CTCAGGCTGAG	TGAATGAG	+
NHVWGNCWBDN	M021_0.6	-3	0.0578323	5.66756	1	7	CTCAGGCTGAG	AGGATGA	+
NHVWGNCWBDN	M140_0.6	-2	0.0871504	8.54074	1	7	CTCAGGCTGAG	CAGACAG	+
DNHCWSSWGDNH	M147_0.6	-1	0.00816654	0.800321	0.353892	7	TGACTGCAGTCA	GACAGAT	+
DNHCWSSWGDNH	M037_0.6	-4	0.0170337	1.66931	0.353892	7	TGACTGCAGTCA	AGCTTGC	+
DNHCWSSWGDNH	M256_0.6	-6	0.0170689	1.67276	0.353892	6	TGACTGCAGTCA	CAGTGC	+
DNHCWSSWGDNH	M061_0.6	-5	0.0187524	1.83774	0.353892	7	TGACTGCAGTCA	GCTGGAC	+
DNHCWSSWGDNH	M231_0.6	-4	0.0187524	1.83774	0.353892	7	TGACTGCAGTCA	AGCATGC	+
DNHCWSSWGDNH	M159_0.6	0	0.0249853	2.44856	0.392932	7	TGACTGCAGTCA	TGCATGC	+
DNHCWSSWGDNH	M140_0.6	1	0.0534839	5.24142	0.720955	6	TGACTGCAGTCA	CAGACAG	+
NNHNDSHNDSHNDNN	M074_0.6	-8	0.000625703	0.0613189	0.0609982	7	TCATTCATTGAATGA	TGAATGAG	+
NNHNDSHNDSHNDNN	M256_0.6	-1	0.0222181	2.17737	0.936749	6	TCATTCATTGAATGA	CAGTGC	+
NNHNDSHNDSHNDNN	M159_0.6	-8	0.0288268	2.82502	0.936749	7	TCATTCATTGAATGA	TGCATGC	+
NNHNDSHNDSHNDNN	M147_0.6	-9	0.0636697	6.23963	0.99477	6	TCATTCATTGAATGA	GACAGAT	+
NNHNDSHNDSHNDNN	M231_0.6	-8	0.0698113	6.84151	0.99477	7	TCATTCATTGAATGA	AGCATGC	+
NNHNDSHNDSHNDNN	M053_0.6	-9	0.0913405	8.95137	0.99477	6	TCATTCATTGAATGA	GAAGGAA	+
NNHNDSHNDSHNDNN	M234_0.6	2	0.0913405	8.95137	0.99477	5	TCATTCATTGAATGA	GATGATT	+
NNDSHNNHDNNDSHNN	M231_0.6	-4	0.00134464	0.131775	0.129734	7	CATCAGCATGCTGATG	AGCATGC	+
NNDSHNNHDNNDSHNN	M159_0.6	-4	0.0027579	0.270274	0.133044	7	CATCAGCATGCTGATG	TGCATGC	+
NNDSHNNHDNNDSHNN	M068_0.6	-3	0.0161977	1.58738	0.520932	7	CATCAGCATGCTGATG	GATCAAG	+
NNDSHNNHDNNDSHNN	M036_0.6	-3	0.0464289	4.55003	0.977083	7	CATCAGCATGCTGATG	AATCTTG	+
NNDSHNNHDNNDSHNN	M037_0.6	-4	0.0506353	4.96226	0.977083	7	CATCAGCATGCTGATG	AGCTTGC	+
NNDSHNNHDNNDSHNN	M234_0.6	-9	0.0650379	6.37372	0.984514	7	CATCAGCATGCTGATG	GATGATT	+
NNDSHNNHDNNDSHNN	M081_0.6	-1	0.07636	7.48328	0.984514	7	CATCAGCATGCTGATG	AACATCA	+
DSHDNNHNDNNHDSH	M256_0.6	-1	0.0202235	1.9819	0.845216	6	TCATGGCTGCCATGA	CAGTGC	+
DSHDNNHNDNNHDSH	M159_0.6	0	0.0324153	3.1767	0.845216	7	TCATGGCTGCCATGA	TGCATGC	+
DSHDNNHNDNNHDSH	M037_0.6	0	0.0357892	3.50734	0.845216	7	TCATGGCTGCCATGA	AGCTTGC	+
DSHDNNHNDNNHDSH	M065_0.6	-4	0.0433968	4.25289	0.845216	7	TCATGGCTGCCATGA	GGAAGGA	+
DSHDNNHNDNNHDSH	M231_0.6	0	0.0433968	4.25289	0.845216	7	TCATGGCTGCCATGA	AGCATGC	+
CWKDNHMWG	M256_0.6	0	0.00225303	0.220797	0.219642	6	CTGGGCCAG	CAGTGC	+
CWKDNHMWG	M061_0.6	1	0.0339883	3.33086	0.99477	6	CTGGGCCAG	GCTGGAC	+
CWKDNHMWG	M188_0.6	-1	0.0445637	4.36724	0.99477	8	CTGGGCCAG	AGGGAAAG	-
CWKDNHMWG	M147_0.6	-4	0.101015	9.89948	0.99477	5	CTGGGCCAG	GACAGAT	+
DNHDNNWNNWNNHDNH	M159_0.6	-9	0.0274002	2.68522	1	7	TGATGCAGCTGCATCA	TGCATGC	+
DNHDNNWNNWNNHDNH	M231_0.6	-9	0.0295953	2.90034	1	7	TGATGCAGCTGCATCA	AGCATGC	+
DNHDNNWNNWNNHDNH	M234_0.6	-7	0.0917234	8.98889	1	7	TGATGCAGCTGCATCA	GATGATT	+
CWGDNHCWG	M256_0.6	0	0.00742138	0.727296	0.727146	6	CAGGGCCTG	CAGTGC	+
CWGDNHCWG	M061_0.6	1	0.0301869	2.95831	0.999794	6	CAGGGCCTG	GCTGGAC	+
CWGDNHCWG	M188_0.6	0	0.0745328	7.30421	0.999794	8	CAGGGCCTG	CTTTCCCT	+
NWSNNWKNMWNNSWN	M140_0.6	0	0.0221172	2.16749	0.999999	7	CTGACAGGCTGTCAG	CAGACAG	+
NWSNNWKNMWNNSWN	M161_0.6	-4	0.0389894	3.82096	0.999999	7	CTGACAGGCTGTCAG	AATCCAG	+
NWSNNWKNMWNNSWN	M021_0.6	-5	0.0975611	9.56098	0.999999	7	CTGACAGGCTGTCAG	AGGATGA	+
NWSNNWKNMWNNSWN	M231_0.6	-1	0.0975611	9.56098	0.999999	7	CTGACAGGCTGTCAG	AGCATGC	+
CWGNNNNNCWG	M161_0.6	-4	0.00466422	0.457093	0.454703	7	CAGAATTTCTG	AATCCAG	+
CWGNNNNNCWG	M144_0.6	-2	0.0194795	1.90899	0.834766	7	CAGAATTTCTG	GAAAACC	+
CWGNNNNNCWG	M085_0.6	-3	0.0256884	2.51746	0.834766	8	CAGAATTTCTG	GAATTAAG	+
CWGNNNNNCWG	M245_0.6	0	0.0440537	4.31726	0.99477	11	CAGAATTTCTG	CCGAAATCCCGAAGTAGG	+
CWGNNNNNCWG	M068_0.6	-4	0.074232	7.27474	0.99477	7	CAGAATTTCTG	GATCAAG	+
CWGNNNNNCWG	M147_0.6	2	0.074232	7.27474	0.99477	5	CAGAATTTCTG	GACAGAT	+
CWGNNNNNCWG	M162_0.6	-1	0.0875189	8.57685	0.99477	7	CAGAATTTCTG	AGAAAAT	+
NHWGVHDBCWDN	M085_0.6	-3	0.00749575	0.734584	0.734433	8	CCTGAATTCAGG	GAATTAAG	+
NHWGVHDBCWDN	M161_0.6	-4	0.0153175	1.50112	0.750405	7	CCTGAATTCAGG	AATCCAG	+
NHWGVHDBCWDN	M231_0.6	-2	0.0303275	2.97209	0.990493	7	CCTGAATTCAGG	AGCATGC	+
NHWGVHDBCWDN	M159_0.6	-2	0.0476151	4.66628	0.999794	7	CCTGAATTCAGG	TGCATGC	+
NHWGVHDBCWDN	M036_0.6	-5	0.0944722	9.25828	0.999794	7	CCTGAATTCAGG	AATCTTG	+
HMWGNNNNCWKD	M256_0.6	-1	0.0205387	2.0128	1	6	CCTGAGCTCAGG	CAGTGC	+
HMWGNNNNCWKD	M068_0.6	-5	0.0750641	7.35628	1	7	CCTGAGCTCAGG	GATCAAG	+
DSHDNNNNNNNNHDSH	M159_0.6	-9	0.00156533	0.153402	0.151027	7	TCATGCAGCTGCATGA	TGCATGC	+
DSHDNNNNNNNNHDSH	M231_0.6	-9	0.00345298	0.338392	0.166576	7	TCATGCAGCTGCATGA	AGCATGC	+
DSHDNNNNNNNNHDSH	M234_0.6	-1	0.0141484	1.38654	0.455024	7	TCATGCAGCTGCATGA	GATGATT	+
NWSNNNDNHNNNSWN	M231_0.6	-1	0.0309164	3.0298	1	7	CTGCCATGATGGCAG	AGCATGC	+
NWSNNNDNHNNNSWN	M037_0.6	-6	0.0341744	3.34909	1	7	CTGCCATGATGGCAG	AGCTTGC	+
NWSNNNDNHNNNSWN	M140_0.6	0	0.041608	4.07758	1	7	CTGCCATGATGGCAG	CAGACAG	+
NWSNNNDNHNNNSWN	M159_0.6	-6	0.0458521	4.49351	1	7	CTGCCATGATGGCAG	TGCATGC	+
NWSNNNDNHNNNSWN	M161_0.6	-4	0.0664833	6.51536	1	7	CTGCCATGATGGCAG	AATCCAG	+
HVWGNCWBD	M140_0.6	-1	0.0676938	6.634	0.999984	7	ACAGGCTGT	CAGACAG	+
HVWGNCWBD	M344_0.6	-4	0.0710685	6.96472	0.999984	4	ACAGGCTGT	CCAG	+
NNVWBNNNNNNVWBNN	M234_0.6	-1	0.0504017	4.93936	1	7	TGCTGTTATAACAGCA	GATGATT	+
NNVWBNNNNNNVWBNN	M055_0.6	-5	0.0678273	6.64708	1	7	TGCTGTTATAACAGCA	ATATATA	+
NNVWBNNNNNNVWBNN	M081_0.6	-9	0.0782986	7.67327	1	7	TGCTGTTATAACAGCA	AACATCA	+
NDBWNVHNNDBNWVHN	M234_0.6	-10	0.0339999	3.33199	1	6	CTCATCTGCAGATGAG	GATGATT	+
NDBWNVHNNDBNWVHN	M081_0.6	0	0.09905	9.7069	1	7	CTCATCTGCAGATGAG	AACATCA	+
NNNNCWKNMWGNNNN	M140_0.6	0	0.0122912	1.20454	0.999989	7	CTGACAGGCTGTCAG	CAGACAG	+
NNNNCWKNMWGNNNN	M161_0.6	-4	0.0683985	6.70305	0.999989	7	CTGACAGGCTGTCAG	AATCCAG	+
VWGDNHCWB	M256_0.6	0	0.00822975	0.806516	0.80635	6	CAGGGCCTG	CAGTGC	+
VWGDNHCWB	M061_0.6	1	0.0299328	2.93341	0.999794	6	CAGGGCCTG	GCTGGAC	+
VWGDNHCWB	M188_0.6	0	0.0666033	6.52712	0.999794	8	CAGGGCCTG	CTTTCCCT	+
VWGDNHCWB	M307_0.6	-1	0.08343	8.17614	0.999794	5	CAGGGCCTG	AGGGA	+
NHNNNMWSWKNNNDN	M036_0.6	-4	0.045007	4.41069	0.999999	7	CTGGCCTGAGGCCAG	AATCTTG	+
NHNNNMWSWKNNNDN	M234_0.6	-7	0.0763033	7.47772	0.999999	7	CTGGCCTGAGGCCAG	GATGATT	+
NHNNNMWSWKNNNDN	M061_0.6	1	0.101116	9.9094	0.999999	6	CTGGCCTGAGGCCAG	GCTGGAC	+
CWGNNNNNCWG	M144_0.6	-2	0.0096324	0.943976	0.618921	7	CTGAATTTCAG	GAAAACC	+
CWGNNNNNCWG	M161_0.6	-4	0.0127008	1.24468	0.618921	7	CTGAATTTCAG	AATCCAG	+
CWGNNNNNCWG	M147_0.6	2	0.0218684	2.1431	0.710444	5	CTGAATTTCAG	GACAGAT	+
CWGNNNNNCWG	M245_0.6	0	0.0921369	9.02941	0.994509	11	CTGAATTTCAG	CCGAAATCCCGAAGTAGG	+
NNDBHDNNNNHDVHNN	M083_0.6	-3	0.0510809	5.00593	1	7	GCTGATGTACATCAGC	GCAGCGC	+
NNDBHDNNNNHDVHNN	M234_0.6	0	0.0825496	8.08986	1	7	GCTGATGTACATCAGC	GATGATT	+
NNDBHDNNNNHDVHNN	M081_0.6	-7	0.0960881	9.41663	1	7	GCTGATGTACATCAGC	AACATCA	+
VWKNHDNNNHDNMWB	M159_0.6	-1	0.0366182	3.58858	1	7	CTGCATGTCATGCAG	TGCATGC	+
VWKNHDNNNHDNMWB	M231_0.6	-1	0.0499315	4.89328	1	7	CTGCATGTCATGCAG	AGCATGC	+
VWKNHDNNNHDNMWB	M161_0.6	-8	0.0922828	9.04371	1	7	CTGCATGTCATGCAG	AATCCAG	+
VWKNHDNNNHDNMWB	M140_0.6	-8	0.0981132	9.6151	1	7	CTGCATGTCATGCAG	CAGACAG	+
MWGNNCWK	M061_0.6	1	0.000949864	0.0930866	0.0925998	6	CTGGCCAG	GCTGGAC	+
MWGNNCWK	M016_0.6	-2	0.0477905	4.68347	0.99477	6	CTGGCCAG	GGACAAG	+
MWGNNCWK	M344_0.6	-4	0.0655626	6.42514	0.99477	4	CTGGCCAG	CCAG	+
NHVWGSCWBDN	M344_0.6	-5	0.0654889	6.41791	1	4	CACAGGCTGTG	CCAG	+
NHVWGSCWBDN	M256_0.6	0	0.0696319	6.82393	1	6	CACAGGCTGTG	CAGTGC	+
NHVWGSCWBDN	M074_0.6	-3	0.0772182	7.56738	1	8	CACAGGCTGTG	TGAATGAG	+
NNNNNNWKMWNNNNNN	M083_0.6	-7	0.0326552	3.20021	0.999995	7	ATCTGCAGCTGCAGAT	GCAGCGC	+
CWKNNNNNMWG	M144_0.6	-2	0.0258063	2.52901	1	7	CAGGTTACCTG	GAAAACC	+
CWKNNNNNMWG	M344_0.6	-7	0.0282491	2.76841	1	4	CAGGTTACCTG	CCAG	+
CWKNNNNNMWG	M161_0.6	-4	0.0864405	8.47116	1	7	CAGGTTACCTG	AATCCAG	+
NNNWBNNNNNNVWNNN	M047_0.6	-4	0.0148866	1.45888	0.999998	7	TGCAGACATGTCTGCA	GAGTAGA	+
NNNWBNNNNNNVWNNN	M147_0.6	-9	0.0220728	2.16314	0.999998	7	TGCAGACATGTCTGCA	GACAGAT	+
NNNWBNNNNNNVWNNN	M148_0.6	0	0.0494886	4.84988	0.999998	7	TGCAGACATGTCTGCA	AGAAGAC	+
NNNWBNNNNNNVWNNN	M175_0.6	-8	0.0923987	9.05507	0.999998	7	TGCAGACATGTCTGCA	AGTGTGA	+
NNHWKNHWDNMWDNN	M065_0.6	-8	0.00800726	0.784712	0.452047	7	TCCTGCCTGGCAGGA	GGAAGGA	+
NNHWKNHWDNMWDNN	M140_0.6	-2	0.00971195	0.951771	0.452047	7	TCCTGCCTGGCAGGA	CAGACAG	+
NNHWKNHWDNMWDNN	M061_0.6	-9	0.0140611	1.37798	0.452047	6	TCCTGCCTGGCAGGA	GCTGGAC	+
NNHWKNHWDNMWDNN	M159_0.6	-8	0.044806	4.39099	0.984105	7	TCCTGCCTGGCAGGA	TGCATGC	+
NNHWKNHWDNMWDNN	M231_0.6	1	0.0650018	6.37018	0.984105	6	TCCTGCCTGGCAGGA	AGCATGC	+
NNHWKNHWDNMWDNN	M161_0.6	-2	0.0999665	9.79672	0.984105	7	TCCTGCCTGGCAGGA	AATCCAG	+
NNHDDNHNNDNHHDNN	M234_0.6	-1	0.101368	9.93402	0.999993	7	TGCTGCTGCAGCAGCA	GATGATT	+
NNNDNHWKMWDNHNNN	M234_0.6	-4	0.0686619	6.72886	1	7	ATCTGCAGCTGCAGAT	GATGATT	+
NNNDNHWKMWDNHNNN	M070_0.6	-9	0.0706513	6.92382	1	7	ATCTGCAGCTGCAGAT	AGGAGAGG	+
NWBNMWKNMWKNVWN	M140_0.6	0	0.0145046	1.42145	0.999996	7	CTGACAGGCTGTCAG	CAGACAG	+
NWBNMWKNMWKNVWN	M161_0.6	-4	0.0391729	3.83894	0.999996	7	CTGACAGGCTGTCAG	AATCCAG	+
NWBNHWKNMWDNVWN	M140_0.6	0	0.0298692	2.92719	0.85197	7	CTGCCAGGCTGGCAG	CAGACAG	+
NWBNHWKNMWDNVWN	M231_0.6	-1	0.0298692	2.92719	0.85197	7	CTGCCAGGCTGGCAG	AGCATGC	+
NWBNHWKNMWDNVWN	M037_0.6	-1	0.0376283	3.68758	0.85197	7	CTGCCAGGCTGGCAG	AGCTTGC	+
NWBNHWKNMWDNVWN	M159_0.6	-1	0.0376283	3.68758	0.85197	7	CTGCCAGGCTGGCAG	TGCATGC	+
NWBNHWKNMWDNVWN	M161_0.6	-4	0.0437436	4.28688	0.85197	7	CTGCCAGGCTGGCAG	AATCCAG	+
NWBNHWKNMWDNVWN	M065_0.6	-6	0.0681188	6.67564	0.993696	7	CTGCCAGGCTGGCAG	GGAAGGA	+
HDDSHNDNHNDSHHD	M256_0.6	-3	0.0014033	0.137524	0.133854	6	ATGCAGAGTCTGCAT	CAGTGC	+
HDDSHNDNHNDSHHD	M159_0.6	-6	0.00665484	0.652175	0.21159	7	ATGCAGAGTCTGCAT	TGCATGC	+
HDDSHNDNHNDSHHD	M231_0.6	-6	0.00665484	0.652175	0.21159	7	ATGCAGAGTCTGCAT	AGCATGC	+
HDDSHNDNHNDSHHD	M037_0.6	-6	0.0208584	2.04413	0.397915	7	ATGCAGAGTCTGCAT	AGCTTGC	+
HDDSHNDNHNDSHHD	M290_0.6	-7	0.0208584	2.04413	0.397915	7	ATGCAGAGTCTGCAT	GTTGGAA	+
HDDSHNDNHNDSHHD	M147_0.6	-7	0.0344343	3.37456	0.547417	7	ATGCAGAGTCTGCAT	GACAGAT	+
DVCWNNNWGBH	M140_0.6	-2	0.0122755	1.203	1	7	TGCAGTCTGCA	CAGACAG	+
DVCWNNNWGBH	M256_0.6	-4	0.0335231	3.28526	1	6	TGCAGTCTGCA	CAGTGC	+
DVCWNNNWGBH	M147_0.6	-4	0.0778032	7.62471	1	7	TGCAGTCTGCA	GACAGAT	+
DVCWNNNWGBH	M136_0.6	2	0.0825452	8.08943	1	6	TGCAGTCTGCA	ATTGCACA	+
DVCWNNNWGBH	M069_0.6	1	0.0905093	8.86991	1	6	TGCAGTCTGCA	TTGCACA	+
NNDSHNNNNNNDSHNN	M234_0.6	-9	0.0620548	6.08137	1	7	CAGCTGATATCAGCTG	GATGATT	+
NNDSHNNNNNNDSHNN	M085_0.6	-5	0.076756	7.52208	1	8	CAGCTGATATCAGCTG	GAATTAAG	+
NNNNMWKNMWKNNNN	M231_0.6	-5	0.00584011	0.572331	0.341729	7	CAGGCTGGCAGCCTG	AGCATGC	+
NNNNMWKNMWKNNNN	M159_0.6	-5	0.00708639	0.694466	0.341729	7	CAGGCTGGCAGCCTG	TGCATGC	+
NNNNMWKNMWKNNNN	M065_0.6	-2	0.0139732	1.36938	0.449224	7	CAGGCTGGCAGCCTG	GGAAGGA	+
NNNNMWKNMWKNNNN	M037_0.6	-2	0.0280829	2.75213	0.677126	7	CAGGCTGGCAGCCTG	AGCTTGC	+
NNNNMWKNMWKNNNN	M140_0.6	-4	0.0497846	4.87889	0.855017	7	CAGGCTGGCAGCCTG	CAGACAG	+
NNNNMWKNMWKNNNN	M061_0.6	-3	0.053191	5.21272	0.855017	7	CAGGCTGGCAGCCTG	GCTGGAC	+
NNNNMWKNMWKNNNN	M161_0.6	-4	0.0688163	6.744	0.948158	7	CAGGCTGGCAGCCTG	AATCCAG	+
NNNNNHWNNWDNNNNN	M234_0.6	-1	0.0814722	7.98428	1	7	TGATGCTGCAGCATCA	GATGATT	+
NNNWNHWNNWDNWNNN	M234_0.6	-1	0.0199029	1.95049	1	7	TGCTGCTGCAGCAGCA	GATGATT	+
NDNNHNDSHNDNNHN	M231_0.6	-6	0.00539623	0.528831	0.293651	7	AGGCATTGAATGCCT	AGCATGC	+
NDNNHNDSHNDNNHN	M159_0.6	-6	0.00605654	0.593541	0.293651	7	AGGCATTGAATGCCT	TGCATGC	+
NDNNHNDSHNDNNHN	M037_0.6	-1	0.0154748	1.51653	0.500194	7	AGGCATTGAATGCCT	AGCTTGC	+
NDNNHNDSHNDNNHN	M256_0.6	-3	0.0404531	3.9644	0.980681	6	AGGCATTGAATGCCT	CAGTGC	+
NDNNHNDSHNDNNHN	M051_0.6	0	0.0636284	6.23558	0.989487	7	AGGCATTGAATGCCT	ATACATT	+
NDNNHNDSHNDNNHN	M354_0.6	-7	0.0701141	6.87119	0.989487	6	AGGCATTGAATGCCT	GAATAC	+
MWKNNNNNNNNNMWK	M231_0.6	-1	0.00498819	0.488842	0.304782	7	CTGCCTTGAAGGCAG	AGCATGC	+
MWKNNNNNNNNNMWK	M159_0.6	-6	0.00628612	0.61604	0.304782	7	CTGCCTTGAAGGCAG	TGCATGC	+
MWKNNNNNNNNNMWK	M037_0.6	-1	0.0260268	2.55063	0.841271	7	CTGCCTTGAAGGCAG	AGCTTGC	+
MWKNNNNNNNNNMWK	M065_0.6	-6	0.076595	7.50631	0.989485	7	CTGCCTTGAAGGCAG	GGAAGGA	+
MWKNNNNNNNNNMWK	M161_0.6	-8	0.0831926	8.15287	0.989485	7	CTGCCTTGAAGGCAG	AATCCAG	+
MWKNNNNNNNNNMWK	M140_0.6	-8	0.0907032	8.88892	0.989485	7	CTGCCTTGAAGGCAG	CAGACAG	+
DNHWKNHNNDNMWDNH	M234_0.6	-1	0.0428862	4.20285	1	7	AGCAGCTGCAGCTGCT	GATGATT	+
CWGDNHCWG	M016_0.6	-2	0.0149841	1.46844	0.944104	7	CAGGTCCTG	GGACAAG	+
CWGDNHCWG	M061_0.6	1	0.0192755	1.88899	0.944104	6	CAGGTCCTG	GCTGGAC	+
CWGDNHCWG	M344_0.6	-5	0.0496241	4.86316	0.999582	4	CAGGTCCTG	CCAG	+
CWGDNHCWG	M020_0.6	-2	0.0804449	7.8836	0.999582	7	CAGGTCCTG	GGACGGG	+
CWGDNHCWG	M068_0.6	-2	0.0999289	9.79303	0.999582	7	CAGGTCCTG	GATCAAG	+
HNNSWNNNNNWSNND	M256_0.6	-3	0.000256289	0.0251163	0.024985	6	AGTCAGGGCCTGACT	CAGTGC	+
HNNSWNNNNNWSNND	M147_0.6	-7	0.0172188	1.68744	0.839309	7	AGTCAGGGCCTGACT	GACAGAT	+
HNNSWNNNNNWSNND	M159_0.6	-6	0.0275608	2.70096	0.89561	7	AGTCAGGGCCTGACT	TGCATGC	+
HNNSWNNNNNWSNND	M049_0.6	-1	0.0547618	5.36666	0.994769	7	AGTCAGGGCCTGACT	GTGTGTG	+
HNNSWNNNNNWSNND	M231_0.6	-6	0.0642705	6.2985	0.994769	7	AGTCAGGGCCTGACT	AGCATGC	+
HNNSWNNNNNWSNND	M188_0.6	-3	0.0701099	6.87077	0.994769	8	AGTCAGGGCCTGACT	CTTTCCCT	+
HNNSWNNNNNWSNND	M061_0.6	-2	0.075122	7.36195	0.994769	7	AGTCAGGGCCTGACT	GCTGGAC	+
HNNSWNNNNNWSNND	M151_0.6	-1	0.0941974	9.23135	0.994769	7	AGTCAGGGCCTGACT	GGGAGGG	+
NNNNCWGNNNN	M161_0.6	0	0.0064472	0.631826	0.631696	7	AATCCTGGATT	AATCCAG	+
NNNNCWGNNNN	M068_0.6	0	0.0422447	4.13998	0.999794	7	AATCCTGGATT	GATCAAG	+
NNNNCWGNNNN	M344_0.6	-3	0.0590225	5.7842	0.999794	4	AATCCTGGATT	CCAG	+
NNNNCWGNNNN	M245_0.6	4	0.0928413	9.09845	0.999794	11	AATCCTGGATT	CCGAAATCCCGAAGTAGG	+
DNHDDSHNDSHHDNH	M256_0.6	-5	0.000184557	0.0180866	0.017992	6	TCATGCAGTGCATGA	CAGTGC	+
DNHDDSHNDSHHDNH	M147_0.6	-5	0.03496	3.42608	0.994766	7	TCATGCAGTGCATGA	GACAGAT	+
DNHDDSHNDSHHDNH	M159_0.6	-8	0.03496	3.42608	0.994766	7	TCATGCAGTGCATGA	TGCATGC	+
DNHDDSHNDSHHDNH	M074_0.6	-8	0.0467023	4.57682	0.994766	7	TCATGCAGTGCATGA	TGAATGAG	+
DNHDDSHNDSHHDNH	M231_0.6	-8	0.0542464	5.31614	0.994766	7	TCATGCAGTGCATGA	AGCATGC	+
DNHDDSHNDSHHDNH	M061_0.6	-1	0.0695311	6.81405	0.994766	7	TCATGCAGTGCATGA	GCTGGAC	+
DNHDDSHNDSHHDNH	M083_0.6	-4	0.0882607	8.64954	0.994766	7	TCATGCAGTGCATGA	GCAGCGC	+
DNHDDSHNDSHHDNH	M069_0.6	-2	0.0953559	9.34488	0.994766	7	TCATGCAGTGCATGA	TTGCACA	+
NNDSHNDSHNDSHNN	M159_0.6	-6	0.0108718	1.06544	0.495462	7	CTTCATTGAATGAAG	TGCATGC	+
NNDSHNDSHNDSHNN	M052_0.6	-4	0.0158008	1.54847	0.495462	7	CTTCATTGAATGAAG	AATCAAT	+
NNDSHNDSHNDSHNN	M074_0.6	-6	0.018491	1.81212	0.495462	8	CTTCATTGAATGAAG	TGAATGAG	+
NNDSHNDSHNDSHNN	M161_0.6	-8	0.0224077	2.19596	0.495462	7	CTTCATTGAATGAAG	AATCCAG	+
NNDSHNDSHNDSHNN	M231_0.6	-6	0.0279362	2.73774	0.495462	7	CTTCATTGAATGAAG	AGCATGC	+
NNDSHNDSHNDSHNN	M085_0.6	-7	0.0359425	3.52237	0.495462	8	CTTCATTGAATGAAG	GAATTAAG	+
NNDSHNDSHNDSHNN	M256_0.6	-3	0.0365879	3.58562	0.495462	6	CTTCATTGAATGAAG	CAGTGC	+
NNDSHNDSHNDSHNN	M053_0.6	-7	0.0965328	9.46021	0.967262	7	CTTCATTGAATGAAG	GAAGGAA	+
NDBNVWDNHWBNVHN	M140_0.6	-8	0.0291994	2.86154	1	7	CTGTCAGGCTGACAG	CAGACAG	+
NDBNVWDNHWBNVHN	M021_0.6	-5	0.0490079	4.80278	1	7	CTGTCAGGCTGACAG	AGGATGA	+
NDBNVWDNHWBNVHN	M161_0.6	-4	0.0490079	4.80278	1	7	CTGTCAGGCTGACAG	AATCCAG	+
NNSWKNHNDNMWSNN	M161_0.6	-6	0.0337447	3.30698	1	7	ATCAGCCTGGCTGAT	AATCCAG	+
NNSWKNHNDNMWSNN	M081_0.6	0	0.0371767	3.64332	1	7	ATCAGCCTGGCTGAT	AACATCA	+
NNSWKNHNDNMWSNN	M065_0.6	-4	0.0409002	4.00822	1	7	ATCAGCCTGGCTGAT	GGAAGGA	+
NNSWKNHNDNMWSNN	M159_0.6	-4	0.0834877	8.1818	1	7	ATCAGCCTGGCTGAT	TGCATGC	+
NNSWKNHNDNMWSNN	M111_0.6	0	0.0908047	8.89886	1	7	ATCAGCCTGGCTGAT	AACATCA	+
NNSWKNHNDNMWSNN	M231_0.6	-3	0.0908047	8.89886	1	7	ATCAGCCTGGCTGAT	AGCATGC	+
NNSWKNHNDNMWSNN	M234_0.6	-9	0.0908047	8.89886	1	6	ATCAGCCTGGCTGAT	GATGATT	+
NNSWKNHNDNMWSNN	M036_0.6	1	0.098632	9.66594	1	6	ATCAGCCTGGCTGAT	AATCTTG	+
CWGDNHCWG	M256_0.6	0	0.00117615	0.115263	0.11466	6	CAGGGCCTG	CAGTGC	+
CWGDNHCWG	M188_0.6	0	0.0492451	4.82602	0.99477	8	CAGGGCCTG	CTTTCCCT	+
CWGDNHCWG	M061_0.6	1	0.052054	5.10129	0.99477	6	CAGGGCCTG	GCTGGAC	+
CWGDNHCWG	M147_0.6	-4	0.0797325	7.81379	0.99477	5	CAGGGCCTG	GACAGAT	+
CWGDNHCWG	M307_0.6	-1	0.0984273	9.64588	0.99477	5	CAGGGCCTG	AGGGA	+
VWGNNNDNHNNNCWB	M159_0.6	-6	0.00580825	0.569208	0.327418	7	CTGCATTGAATGCAG	TGCATGC	+
VWGNNNDNHNNNCWB	M231_0.6	-1	0.00732	0.71736	0.327418	7	CTGCATTGAATGCAG	AGCATGC	+
VWGNNNDNHNNNCWB	M037_0.6	-6	0.0101844	0.998073	0.327418	7	CTGCATTGAATGCAG	AGCTTGC	+
VWGNNNDNHNNNCWB	M256_0.6	-7	0.0610952	5.98733	0.98415	6	CTGCATTGAATGCAG	CAGTGC	+
VWGNNNDNHNNNCWB	M354_0.6	-7	0.0787106	7.71364	0.98415	6	CTGCATTGAATGCAG	GAATAC	+
VWGNNNDNHNNNCWB	M140_0.6	-8	0.0969938	9.50539	0.98415	7	CTGCATTGAATGCAG	CAGACAG	+
NWDNHWBNVWDNHWN	M140_0.6	-4	0.0376874	3.69337	0.999999	7	CAGCCTGTCAGGCTG	CAGACAG	+
NWDNHWBNVWDNHWN	M161_0.6	0	0.0631034	6.18414	0.999999	7	CAGCCTGTCAGGCTG	AATCCAG	+
NWDNHWBNVWDNHWN	M068_0.6	0	0.0879864	8.62267	0.999999	7	CAGCCTGTCAGGCTG	GATCAAG	+
NWDNHWBNVWDNHWN	M159_0.6	-1	0.0879864	8.62267	0.999999	7	CAGCCTGTCAGGCTG	TGCATGC	+
NWDNHWBNVWDNHWN	M231_0.6	-1	0.0879864	8.62267	0.999999	7	CAGCCTGTCAGGCTG	AGCATGC	+
MWGNNNNNCWK	M162_0.6	-1	0.0395954	3.88035	1	7	CTGAATTTCAG	AGAAAAT	+
MWGNNNNNCWK	M147_0.6	2	0.0395954	3.88035	1	5	CTGAATTTCAG	GACAGAT	+
MWGNNNNNCWK	M228_0.6	-3	0.0695892	6.81974	1	7	CTGAATTTCAG	ACTTTCT	+
MWGNNNNNCWK	M246_0.6	0	0.0917765	8.99409	1	5	CTGAATTTCAG	CTCAA	+
MWGNNNNNCWK	M245_0.6	0	0.0998481	9.78512	1	11	CTGAATTTCAG	CCGAAATCCCGAAGTAGG	+
DNHDBNNNNNNVHDNH	M234_0.6	-1	0.00119356	0.116969	0.116357	7	TGCAGATATATCTGCA	GATGATT	+
DNHDBNNNNNNVHDNH	M047_0.6	1	0.0562178	5.50935	0.99477	6	TGCAGATATATCTGCA	GAGTAGA	+
DNHDBNNNNNNVHDNH	M082_0.6	-9	0.0877822	8.60265	0.99477	7	TGCAGATATATCTGCA	AACAACA	+
DNHDBNNNNNNVHDNH	M081_0.6	-9	0.0954171	9.35087	0.99477	7	TGCAGATATATCTGCA	AACATCA	+
NWSNNDNNNHNNSWN	M140_0.6	0	0.0167058	1.63717	0.908553	7	CTGACAGGCTGTCAG	CAGACAG	+
NWSNNDNNNHNNSWN	M231_0.6	-1	0.0245877	2.40959	0.908553	7	CTGACAGGCTGTCAG	AGCATGC	+
NWSNNDNNNHNNSWN	M159_0.6	-1	0.032456	3.18068	0.908553	7	CTGACAGGCTGTCAG	TGCATGC	+
NWSNNDNNNHNNSWN	M161_0.6	-4	0.0424524	4.16034	0.908553	7	CTGACAGGCTGTCAG	AATCCAG	+
NWSNNDNNNHNNSWN	M037_0.6	-6	0.0463548	4.54277	0.908553	7	CTGACAGGCTGTCAG	AGCTTGC	+
NWSNNDNNNHNNSWN	M021_0.6	-5	0.0970679	9.51266	0.999995	7	CTGACAGGCTGTCAG	AGGATGA	+
NHDNHNDSHNDNHDN	M256_0.6	-7	0.00148271	0.145305	0.142219	6	CTGGACTGAGTCCAG	CAGTGC	+
NHDNHNDSHNDNHDN	M074_0.6	-2	0.00690533	0.676722	0.331174	8	CTGGACTGAGTCCAG	TGAATGAG	+
NHDNHNDSHNDNHDN	M147_0.6	-3	0.0137643	1.3489	0.378909	7	CTGGACTGAGTCCAG	GACAGAT	+
NHDNHNDSHNDNHDN	M061_0.6	1	0.0158013	1.54853	0.378909	6	CTGGACTGAGTCCAG	GCTGGAC	+
NHDNHNDSHNDNHDN	M161_0.6	-8	0.0380088	3.72486	0.607623	7	CTGGACTGAGTCCAG	AATCCAG	+
NHDNHNDSHNDNHDN	M175_0.6	-6	0.0380088	3.72486	0.607623	7	CTGGACTGAGTCCAG	AGTGTGA	+
NHDNHNDSHNDNHDN	M344_0.6	-11	0.0629325	6.16739	0.862341	4	CTGGACTGAGTCCAG	CCAG	+
MWGNNNNNCWK	M344_0.6	-7	0.0227511	2.22961	0.884791	4	CTGGTTACCAG	CCAG	+
MWGNNNNNCWK	M144_0.6	-2	0.0271025	2.65605	0.884791	7	CTGGTTACCAG	GAAAACC	+
MWGNNNNNCWK	M177_0.6	-2	0.0271025	2.65605	0.884791	7	CTGGTTACCAG	CCTTTCC	+
MWGNNNNNCWK	M161_0.6	-4	0.0528571	5.18	0.999369	7	CTGGTTACCAG	AATCCAG	+
NNVWDNHNNDNHWBNN	M234_0.6	-7	0.0264865	2.59568	0.999999	7	TGCAGCAGCTGCTGCA	GATGATT	+
NNVWDNHNNDNHWBNN	M083_0.6	-4	0.095022	9.31216	0.999999	7	TGCAGCAGCTGCTGCA	GCAGCGC	+
NMWGNNNNCWKN	M085_0.6	-3	0.0284228	2.78544	1	8	CCTGATATCAGG	GAATTAAG	+
NMWGNNNNCWKN	M068_0.6	-5	0.0608732	5.96558	1	7	CCTGATATCAGG	GATCAAG	+
NWSHNDNNNHNDSWN	M140_0.6	-8	0.0242238	2.37393	1	7	CTGCATGTCATGCAG	CAGACAG	+
NWSHNDNNNHNDSWN	M051_0.6	-5	0.0825355	8.08848	1	7	CTGCATGTCATGCAG	ATACATT	+
NWSHNDNNNHNDSWN	M159_0.6	-1	0.0825355	8.08848	1	7	CTGCATGTCATGCAG	TGCATGC	+
NWNWGSCWNWN	M256_0.6	0	0.0418957	4.10577	1	6	CACAGGCTGTG	CAGTGC	+
NWNWGSCWNWN	M344_0.6	-5	0.0731228	7.16604	1	4	CACAGGCTGTG	CCAG	+
NWNNNNWKMWNNNNWN	M061_0.6	-7	0.0585917	5.74199	1	7	CAGATCTGCAGATCTG	GCTGGAC	+
NDBNVWKNMWBNVHN	M140_0.6	0	0.0128632	1.2606	0.999999	7	CTGACAGGCTGTCAG	CAGACAG	+
NDBNVWKNMWBNVHN	M161_0.6	-4	0.0404077	3.95995	0.999999	7	CTGACAGGCTGTCAG	AATCCAG	+
NDBNVWKNMWBNVHN	M021_0.6	-5	0.076051	7.453	0.999999	7	CTGACAGGCTGTCAG	AGGATGA	+
NNVWNNHNNDNNWBNN	M234_0.6	-7	0.100022	9.80213	1	7	AGCAGCAGCTGCTGCT	GATGATT	+
NWGHHDNNNHDDCWN	M037_0.6	-1	0.00191628	0.187795	0.183703	7	CTGCATGGCATGCAG	AGCTTGC	+
NWGHHDNNNHDDCWN	M231_0.6	-1	0.00382876	0.375219	0.183703	7	CTGCATGGCATGCAG	AGCATGC	+
NWGHHDNNNHDDCWN	M159_0.6	-1	0.00839412	0.822624	0.268499	7	CTGCATGGCATGCAG	TGCATGC	+
NWGHHDNNNHDDCWN	M061_0.6	-2	0.070995	6.95751	0.97918	7	CTGCATGGCATGCAG	GCTGGAC	+
NNNNCWGNNNN	M344_0.6	-3	0.026913	2.63747	1	4	ATGCCTGGCAT	CCAG	+
NNNNCWGNNNN	M016_0.6	-1	0.0618474	6.06104	1	7	ATGCCTGGCAT	GGACAAG	+
NNNNCWGNNNN	M061_0.6	-3	0.0816718	8.00384	1	7	ATGCCTGGCAT	GCTGGAC	+
NNNNCWGNNNN	M161_0.6	0	0.0816718	8.00384	1	7	ATGCCTGGCAT	AATCCAG	+
CWKDNHMWG	M016_0.6	-2	0.0147009	1.44069	1	7	CAGGTCCTG	GGACAAG	+
CWKDNHMWG	M061_0.6	1	0.0230375	2.25768	1	6	CAGGTCCTG	GCTGGAC	+
CWKDNHMWG	M344_0.6	-5	0.0577585	5.66033	1	4	CAGGTCCTG	CCAG	+
CWKDNHMWG	M020_0.6	-2	0.0978777	9.59201	1	7	CAGGTCCTG	GGACGGG	+
CWKDNHMWG	M068_0.6	-2	0.0978777	9.59201	1	7	CAGGTCCTG	GATCAAG	+
DNHWSNNNNNNSWDNH	M234_0.6	-1	0.0765992	7.50672	1	7	TGCTGCTGCAGCAGCA	GATGATT	+
NNNDKNMWKNMHNNN	M140_0.6	-2	0.00502551	0.4925	0.492398	7	GCCTGACTGTCAGGC	CAGACAG	+
NNNDKNMWKNMHNNN	M159_0.6	1	0.0505244	4.95139	0.999793	6	GCCTGACTGTCAGGC	TGCATGC	+
NNNDKNMWKNMHNNN	M051_0.6	-3	0.0636518	6.23788	0.999793	7	GCCTGACTGTCAGGC	ATACATT	+
NNNDKNMWKNMHNNN	M231_0.6	1	0.0686478	6.72748	0.999793	6	GCCTGACTGTCAGGC	AGCATGC	+
NNNDKNMWKNMHNNN	M061_0.6	0	0.0796391	7.80463	0.999793	7	GCCTGACTGTCAGGC	GCTGGAC	+
NNNDKNMWKNMHNNN	M228_0.6	-5	0.0856628	8.39496	0.999793	7	GCCTGACTGTCAGGC	ACTTTCT	+
CWDKNNNNMHWG	M068_0.6	-5	0.0395173	3.87269	1	7	CATGATATCATG	GATCAAG	+
CWDKNNNNMHWG	M234_0.6	0	0.0618764	6.06389	1	7	CATGATATCATG	GATGATT	+
CWDKNNNNMHWG	M121_0.6	-6	0.0618764	6.06389	1	6	CATGATATCATG	ATCAACG	+
CWDKNNNNMHWG	M144_0.6	-3	0.0665038	6.51737	1	7	CATGATATCATG	GAAAACC	+
CWDKNNNNMHWG	M161_0.6	-5	0.0817382	8.01035	1	7	CATGATATCATG	AATCCAG	+
CWDKNNNNMHWG	M231_0.6	-6	0.0999816	9.79819	1	6	CATGATATCATG	AGCATGC	+
DNHDNNWNNWNNHDNH	M159_0.6	-9	0.00980904	0.961286	0.710681	7	TCATGCAGCTGCATGA	TGCATGC	+
DNHDNNWNNWNNHDNH	M231_0.6	-9	0.0145838	1.42921	0.710681	7	TCATGCAGCTGCATGA	AGCATGC	+
DNHDNNWNNWNNHDNH	M234_0.6	-1	0.0675711	6.62197	0.994509	7	TCATGCAGCTGCATGA	GATGATT	+
CWGNNNNNCWG	M144_0.6	-2	0.0149963	1.46963	1	7	CTGGTTACCAG	GAAAACC	+
CWGNNNNNCWG	M147_0.6	2	0.0376646	3.69113	1	5	CTGGTTACCAG	GACAGAT	+
CWGNNNNNCWG	M344_0.6	-7	0.0852495	8.35445	1	4	CTGGTTACCAG	CCAG	+
DNNNVWKNMWBNNNH	M256_0.6	-8	0.00437924	0.429165	0.426921	6	AGCACAGGCTGTGCT	CAGTGC	+
DNNNVWKNMWBNNNH	M140_0.6	-4	0.0317238	3.10894	0.877293	7	AGCACAGGCTGTGCT	CAGACAG	+
DNNNVWKNMWBNNNH	M061_0.6	-7	0.0399809	3.91813	0.877293	7	AGCACAGGCTGTGCT	GCTGGAC	+
DNNNVWKNMWBNNNH	M161_0.6	-4	0.0431323	4.22697	0.877293	7	AGCACAGGCTGTGCT	AATCCAG	+
DNNNVWKNMWBNNNH	M016_0.6	-1	0.0465088	4.55786	0.877293	7	AGCACAGGCTGTGCT	GGACAAG	+
DNNNVWKNMWBNNNH	M083_0.6	-7	0.0539942	5.29143	0.877293	7	AGCACAGGCTGTGCT	GCAGCGC	+
DNNNVWKNMWBNNNH	M344_0.6	-7	0.10198	9.99403	0.994759	4	AGCACAGGCTGTGCT	CCAG	+
